id,author,title,created_utc,num_comments,score
qmjwg9,heinyho,When to buy in for first time?,1636030431,0,1
qmjw9w,smeggletoot,"Bitcoin Street Art (Phneep, Brighton UK)",1636030416,0,1
qmjkve,Odd-Ad-1271,Hey everyone I‚Äôm balls deep in Bitcoin almost too a half bit but I also wanted to ask cuz I was Lil worried about losing my money in altcoins I have 5k right now can ya give me some good altcoins I can buy cuz I want too be balls deep into that too üòéüíØ,1636029312,0,1
qmj46r,ligonsker,How to accept the payment with regtest?,1636027645,0,1
qmj3ov,sepke12345,"Ether sets new all-time high, BTC also looking healthy - Blockbulletin",1636027590,0,1
qmj0mg,NefariousnessFair533,"Already a victim of bitcoin Scam ? First of all, there is no shame in being the victim of one of these sophisticated and predatory operations. By coming forward you may be able to recover some or all of your lost funds and prevent the scammers from targeting others.",1636027292,0,1
qmiytq,Odd_Ad1867,Can someone buy me for 100$ btc ?,1636027131,0,1
qmiut0,rohitgupta010,Shiba Whale Wallets with Billions Hounded by Crypto Currency Detectives,1636026721,0,1
qmit97,DaveSickRodriguez,Massachusetts child sex crimes,1636026558,0,1
qmis99,DaveSickRodriguez,Obama sex crimes,1636026448,0,1
qmimo3,wajjji,Asian exchange (AFK ),1636025824,0,1
qmilhq,No_Audience_3064,Can the Bitcoin mining algorithm be changed to solve a useful puzzle?,1636025686,0,1
qmij9g,Notarsed,I don't trust myself to look after ledger and seed phrase,1636025434,0,1
qmihps,sepke12345,Russia again takes unfavorable stance on cryptocurrencies at Bitcoin event - Blockbulletin,1636025263,0,1
qmigye,Emulion,"BTC Whales Are Getting Ready for the Mega Bull Run, US Congressmen Support Spot Bitcoin ETF",1636025180,0,1
qmibjn,Meat489,Can I trade crypto at 16?,1636024556,0,1
qmias2,Adjectif_,Pwease,1636024468,0,1
qmi995,Opposite_Goose_3527,I'm so fkin poor,1636024286,0,1
qmi6r3,Practical-Display116,Airdrop,1636024014,0,1
qmhzyk,EJFInimize,CRYPTO SUMMIT 2021,1636023257,0,1
qmhys1,AdIll717,2014 Crypto wallets?,1636023112,0,1
qmhkak,Newbiebewbie69420,Selective Deletion in Blockchain (Question),1636021329,0,1
qmhgls,olsonolsen,üëÄüß† a lot of people with this feeling üòÇ,1636020895,0,1
qmhfzm,PrettyStandard1954,Michael Saylor: Everyone Wins With Bitcoin...The Orange Pill Theory,1636020821,0,1
qmhdr6,Crypto_world20,A one time Deposit of 100TRX needed to withdraw 10TRX everyday,1636020558,0,1
qmhcti,freeeeesoul,How do I check if a crypto project is a scam or not?,1636020445,0,1
qmhbxm,Best-Armadillo4792,Bitcoin value fluctuates between 60K and 63K for 20 days,1636020338,0,1
qmh50k,Poha-Jalebi,"BIG: India's largest fintech Paytm is considering Bitcoin offerings, contingent to legalization",1636019498,0,1
qmh17x,hypergemtrader,#VideoCoin Bringing the NFT+ Conversation to NFTNYC,1636019039,0,1
qmh0gx,Bitcoin_is_plan_A,"Tapering for the Fed now means reducing the rate of asset purchases, not actually unwinding the balance sheet (which was tried 3-4 years ago and failed miserably). This train has no brakes. Bitcoin is the escape hatch.",1636018943,0,1
qmgvwa,alfons_jr,Bitcoin mining,1636018371,1,1
qmgtyx,Bitcoin_is_plan_A,The LightningNetwork has a theoretical throughput of 40 million TPS. That‚Äôs the equivalent of 14.4 TB size blocks every 10 min. Lightning enables Bitcoin to be a planetary scale decentralized medium of exchange. ‚ö°Ô∏è,1636018136,2,2
qmgtg1,olsonolsen,ü¶ëüòÖ,1636018067,0,1
qmgq0e,alfons_jr,My Btc mining just got better,1636017623,0,1
qmgnd2,Cute_Dance_4914,"How to invest ""big"" amount of money",1636017261,0,1
qmgm8c,psyexpression,Soon this will no longer be available. Big Buisness are eating it up as we speak!,1636017108,0,1
qmgdv6,Alvaro182,BITCOIN AND SHIBU INU WILL BE COINS FOR FUTURE... TESLA WILL ACCEPT SHIBU INU!,1636016043,0,1
qmgdqh,nestaa13,"Inflation climbs to 3.4 percent, highest level since 2002",1636016025,0,1
qmgcen,Alvaro182,"Bitcoin is for the elderly, we young people buy shiba inu!",1636015839,0,1
qmgb15,Fit-Insurance-598,Can Bitcoin replace gold? Which is more stable to maintain value?,1636015645,0,1
qmga4a,crazyfreaky7,When should I withdraw all my Bitcoin?,1636015517,0,1
qmg6cj,jordi189,If you had millions of dollars would you still get involved with crypto or would you forget about it &amp; move on,1636014976,0,1
qmg5v1,Happy_Singh87,Solidus technology,1636014907,0,1
qmg487,DutchTilly,How much Bitcoin to buy monthly to cover inflation of fiat?,1636014684,0,1
qmg3or,Equivalent-Pop-761,I will never sell my bitcoins unless I encounter new investment techniques,1636014614,0,1
qmfyir,alfons_jr,Crypto,1636013899,0,1
qmfxsy,alfons_jr,Btc mining,1636013798,0,1
qmfwnf,martymcfly2910,Betbit,1636013668,0,1
qmfspk,micosaat,THIS IS KAPEX!!,1636013153,0,1
qmfr52,MediumJoseph,#BTC,1636012956,0,1
qmfr4r,Unusual-Football6340,Lower paid Workers are Quitting Jobs thanks to Crypto Profits,1636012954,0,1
qmfkzl,Equivalent-Pop-761,"JPMorgan Chase is optimistic about Bitcoin: If Bitcoin's volatility drops sharply, it is expected to rise to $146,000 in the long run",1636012124,0,1
qmfi83,alfons_jr,Bitcoin,1636011774,0,1
qmfgjm,AmerBekic,"‚ÄúI underestimated Bitcoin,‚Äù says PayPal co-founder",1636011553,0,1
qmf7be,slingers4m,Renting mining equipment,1636010326,0,1
qmf54n,A-yus,"A new guide on how to register into binance and in what ways you can earn crypto coins with binance. Full guide with pictures, share with you crypto newbies friends",1636010045,0,1
qmec4s,rBitcoinMod,"‚ö° Lightning Thursday! November 04, 2021: Explore the Lightning Network!‚ö°",1636006414,0,1
qme8k0,ThatGuyRP,Confused,1636005970,0,1
qme6ui,Lastnamemike,Ok which is it: Bitcoin is the King or is it the Queen of cryptocurrencies?,1636005767,0,1
qme1u4,daphatti,Explain Taproot Upgrade in 255 Characters,1636005174,0,1
qme163,HabileJ_6,Mayor Candidate Eric Adams Who Said He Will Make New York City Center Of Bitcoins Wins NYC Mayor Title,1636005084,0,1
qmdz10,Blackswanbitcoin,New Bitcoin in San Francisco mission district! You can buy up to $20000 a day in bitcoin with cash instantly.,1636004822,0,1
qmdec4,rBitcoinMod,"Daily Discussion, November 04, 2021",1636002466,0,1
qmd2yu,Jout92,Using Satoshi in everyday life,1636001261,0,1
qmd2x9,simplelifestyle,Crypto Custody: Wallets 101,1636001256,0,1
qmd06e,s3k2p7s9m8b5,I would NEVER Sell My Bitcoin - Kevin O'Leary,1636000968,0,1
qmczeu,simplelifestyle,U.S. Senators are BULLISH on Bitcoin,1636000884,0,1
qmcvbi,C4-PO,Survey finds lower paid workers are quitting jobs thanks to crypto profits,1636000436,0,1
qmcam4,OzzyBoiiii,"This is weird , anyone heard of FTX?",1635998327,0,1
qmc4l9,C4-PO,US senator submits resolution to allow crypto payments in Capitol Complex,1635997709,0,1
qmc3t5,Agreeable-Poetry-534,Win go go go!,1635997631,0,1
qmbruu,AzSy11,Take out 15k worth of BTC to pay off CC dept or continue to pay off CC debt slowly and let BTC grow and pay off CC later?,1635996448,0,1
qmbop1,Wrong-Field2962,The Australia - New World Money NFT Collection,1635996147,0,1
qmbjrr,Penguin_DSN,1,1635995675,0,1
qmbhap,HentaiOnly_,I guess my Macroecon book doesn't like BTC,1635995443,0,1
qmbdkv,Caligvla71,This guy cracks me up!,1635995098,0,1
qmb8m8,sayayin824,"Help, i have been using the grid trading futures (binance) with some criptos, but i dont understand why close positions in negative when according to the pharameters should sell always with profit. Somebody could explain me?",1635994653,0,1
qmb8fs,kevinrb13,"There will a better altcoin in the future but there will not be a better #bitcoin in generations. Stop sh*tcoining, buy bitcoin #btc",1635994634,0,1
qmb4ep,Suicidal_Baby,Michael Saylor and Greg Foss Talk Bitcoin on Twitter Spaces - Hosted by Bitcoin Magazine,1635994256,0,1
qmb3yx,Long-Particular,Why will Bitcoin still be an asset in the future?,1635994212,0,1
qmb0q0,WSBBroker,"Bitcoin - There is No Second Best. Michael Saylor, Greg Foss &amp; More!",1635993907,0,1
qmay5p,throwaway2721111usbz,Storage of seed phrase security ?,1635993670,0,1
qmats5,Comaparadigm,Bitcoin pump! Let‚Äôs goooo!,1635993274,0,1
qmatrb,Eighty_Six_Salt,Tax question!,1635993272,0,1
qmaswv,Successful_Duck8366,What is the minimum someone would need to invest in Bitcoin...,1635993194,0,1
qmaq87,GalaxyHeroesCoinGHC,Hot NFT Cryptocurrency,1635992954,0,1
qlw8gz,Yup_butthole99,Just a thought. No hate.,1635951331,0,1
qlw4bx,DanBray,Legitimate Cloud Mining Opportunities,1635950983,0,1
qlw3pp,Soft-Spring9843,21 million coins,1635950933,0,1
qlvxw6,DanBray,Legitimate cloud mining opportunities,1635950462,0,1
qlvxrm,Foreign-Ad5899,"Instala el navegador CryptoTab y comienza a ganar dinero extra por solo usarlo. Mientras est√©s viendo v√≠deos en YouTube, leyendo noticias y usando las redes sociales de la manera en la que lo haces a diario, consigues bitcoines reales.",1635950452,0,1
qlvxf2,NikkiMia,I need some help with Cold Storage!,1635950423,0,1
qlvsez,rcloutier78,"Once BTC rules the world, what are the next steps?",1635950037,0,1
qlvlng,_Keishamillss,Precisely,1635949482,0,1
qlvivt,matthewryancase,‚ÄúInnovation IS an asset class‚Äù,1635949253,0,1
qlvi0n,schemingraccoon,Anyone else keeping up with the Kleiman vs Wright case happening now?,1635949181,0,1
qlvfqe,BornisBoys,Earn 50%-100% Back in SocialGood Crypto,1635948990,0,1
qlveo1,seyn05,Holdex finance defi is a project that has grown very well in a short time. I got 1000$ too. u/holdexfinance,1635948903,0,1
qlvcmb,[deleted],.,1635948735,0,1
qlval3,Elrondarius,Is it Worth?,1635948568,0,1
qlv9zz,tomzy20,Coin update,1635948517,0,1
qlv662,Next_Relative1551,IJngF04o2p7AZEV2xSyqNrYCyAPML3wI9UbpdVIavllhStcX6HvTxRQX0w0iWRHzEjQaotLcOqmJlJdVQWwMboY=,1635948214,0,1
qlv19m,kilroysilk,"I'm amazed it's almost 2022 and we don't have a decent decentralised btc to stables trading exchange (good UX, liquidity, reasonable fees). Am I missing something?",1635947830,0,1
qluu9j,SantiFromTitan,Hashrate all-time highs incoming? Bitcoin records 8 consecutive difficulty increases,1635947257,0,1
qlut3o,BTC-brother2018,Bitcoin Node. No Outbound connections?,1635947160,0,1
qlus6l,ididntreadthesidebar,"Trezor, Coldcard, Ledger, Keystone Pro, Bitbox, Grid+ Lattice? Which would you choose",1635947084,0,1
qlumft,bweaumont,Bloomberg Analyst: Bitcoin Will Replace Gold,1635946601,0,1
qluigo,shoorik17,Does anyone here work at Microstrategy? What were people's reactions when Saylor first announced his plan? What is the mood like now?,1635946259,0,1
qlug50,bweaumont,NEW Senior Bloomberg Commodity Strategist talks about Bitcoin!,1635946064,0,1
qluexc,Business_Stephen,Earn coins while browsing the web,1635945955,0,1
qluehc,ScoreNo1021,Thoughts on Electrum vs. Sparrow?,1635945914,0,1
qluegj,CommercialEngineer33,Passive income ideas for students?,1635945913,0,1
qludvt,Accomplished-Gur2852,Ganhe dinheiro online gratuitamente,1635945859,0,1
qlu0ti,Bnevillewood,Promising new crypto project!,1635944697,0,1
qltyqn,wiwho,Buy dips,1635944514,0,1
qltvqf,Bitcoin_Magazine,Bitcoin Mining And The Global Semiconductor Shortage Are On A Collision Course,1635944266,0,1
qltsvd,SnooPineapplez,"Looking to understand responses to ""Fee rate death spiral argument""",1635944000,0,1
qltnxf,AcanthisittaHot7236,$GARI (decentralized social token) just raised US$ 39 Million in 6 hours. Public sale is still on,1635943519,0,1
qltl5m,TraderTarrant,Bitcoin is the soundest money ever created,1635943257,0,1
qltkl9,AdaZhang88,How can we prevent Bitcoin's private key from being stolen?,1635943199,0,1
qltirl,halleypoker85,KRAKEN transfer BTC to BCH in 2017 / Recovery BTC # 7 months unsolved,1635943029,0,1
qlti73,Moody_Enthusiast,Flowing in!üåê,1635942976,0,1
qlthei,PodClips,"PlanB, Creator of the Bitcoin Stock-to-Flow Model, Says He Never Plans to Reveal His Identity (short audio clip)",1635942905,0,1
qltdru,mck04983,Ransomware HQ: Moscow‚Äôs Tallest Tower Is a Cybercriminal Cash Machine,1635942570,0,1
qlt9rb,simplelifestyle,Jack Dorsey Says Hyperinflation...Cathie Wood Says Deflation (Who's Right?),1635942160,0,1
qlsntx,rt1357924680,ETFs are coming,1635939906,0,1
qlsmp9,TheGreatMuffin,Bitcoin Optech Newsletter #173,1635939789,0,1
qlsk6n,Bulky-Trust-4143,QTech|The First Quantum Based BlockChain|United Whitebit exchange,1635939524,0,1
qlsbxt,bast-man,MtGox restition plan vs BTC price for november,1635938628,0,1
qls0sa,Miang1122,Who likes some quick money ü§ëüí∞üí∞,1635937365,0,1
qls0le,emptycells,What is Strike's business model?,1635937343,0,1
qls00n,Lynxon_oberg,This sucks,1635937276,0,1
qlrmgc,moabitsaga,A Giant Leap For Mankind // Aerosol &amp; Markers on Canvas 90 X 137 cm,1635935631,0,1
qlrm0b,NegotiationLeather51,Leading African Conservancy to Raise Funds for Rhinos via Auction of Horn NFTs,1635935572,0,1
qlrgij,SnooDonuts2975,Moment of silence for my Uni Group Chat. They‚Äôre NGMI,1635934852,0,1
qlrg7n,Bulky-Trust-4143,Coinstox as a Bridge Between Start-ups &amp; Investors,1635934810,0,1
qlrg39,Fun-Hamster-8457,ANOTHER idea to remember your seed phrase,1635934796,0,1
qlrdyd,MCHappster1,How does a recipient know who exactly sent them Bitcoin?,1635934512,0,1
qlrbwb,projectbabaganoush,Ran into some bitcoin art in Munich's Pinakothek der Moderne,1635934227,0,1
qlraym,Unusual-Football6340,Singapore Strives to Become Global Crypto Hub,1635934106,0,1
qlra0f,operation_defence,learning bitcoin,1635933988,0,1
qlr35q,neonblakk,Does anyone know a good future predicting profit calculator that doesn‚Äôt include compound interest?,1635933120,0,1
qlr2sp,Adventurous_Breath81,Suppose I am in 2030. now I was looking at the tech market. So what should I be looking at &amp; with what principles?,1635933067,0,1
qlqzx6,CrypticVanir,I‚Äôve accumulated 0.43 BTC from my recently deceased cousin. How much is it worth?,1635932699,0,1
qlqze6,C4-PO,Bitcoin price consolidation ‚Äòcould be over ‚Äì Analyst,1635932629,0,1
qlqxgk,ztpro,"Bitcoin Analysis on November 3rd, 2021",1635932382,0,1
qlqwob,nestaa13,One of Thailand‚Äôs largest banks is getting into cryptocurrency by buying the country‚Äôs biggest crypto exchange,1635932288,0,1
qlqnxn,CommercialEngineer33,How do I make more money with ¬£1400 in my bank account?,1635931160,0,1
qlqhh4,Pupulikjan,How we gonna celebrate BTC ATH soon,1635930283,0,1
qlqdxg,CommercialEngineer33,How do I get rich with ¬£1400 in my bank account?,1635929831,0,1
qlqcy7,Pitiful-Tap3578,Graham Jenkin 2022 will be the year of the 100k BTC,1635929693,0,1
qlqc68,mtb312000,Eth and Sol are at all time highs while BTC hasn't moved in almost 3 weeks. Any insights?,1635929580,0,1
qlqaln,Bitcoin_is_plan_A,You can buy a fraction of a Bitcoin,1635929361,0,1
qlqai1,ApprehensiveBath44,Australias Largest Bank is lauching this,1635929347,0,1
qlq7sd,Nervous-Papaya-5675,Coinbase instant deposits not working? Jumped on for my weekly DCA. Transferred had normal pop up saying complete blah blah blah funds available now but can‚Äôt move for 7 days. Go look at available balance and it says zero. Close and reopen. Nothing. Do another deposit. Nothing.,1635928944,0,1
qlq5fy,sylsau,"The True Millionaire Lane ‚Äî Buy $637 Worth of Bitcoin, Then Adopt the Bitcoiner Mindset. The rest will be a matter of patience to reach the only wealth that matters in life.",1635928643,0,1
qlq1az,Surjo_robi34,üíôüíôüíôüíô,1635928115,0,1
qlpz7m,Deepaknamita,Trending Now!!!!!! BTC has most bullish sentiment in 24 hrs in whole crypto world.,1635927832,0,1
qlpx4r,SatoshiSounds,Have you diversified your crypto holdings?,1635927545,0,1
qlpvpn,AntGlobal-ly,"After testing the machine, we're done for the day! Welcome to talk about how to use bitcore",1635927351,0,1
qlpuim,zabutter,Bitcoin to 1 million.,1635927189,0,1
qlpsrb,TheScorpion999,The EPIC-ness of EPIC Cash,1635926931,0,1
qlpq5c,Anna-Swift,Bitcoin/Ethernet The birth of the new proletariat,1635926584,0,1
qlpo6b,MediaTrafficOrg,Elon Musk Is Ready To Spend $6 Billion To End World Hunger,1635926329,0,1
qlpn7e,The-Techie,Deal: Coinbase Buys A Customer Support Startup,1635926199,0,1
qlpemg,Ecstatic-Forever-786,"Australian bank adds ability to purchase / sell Bitcoin and hold Bitcoin.,, defeats the purpose of crypto?",1635925100,0,1
qlpdty,youwelcomepeople,Silver is coming üöÄüöÄüìà. With all do respect to the gold,1635924999,0,1
qlpd9c,Technical_Notice9334,Royal Q bot de trading en autom√°tico,1635924923,0,1
qlp8wp,Sroseo1,Potential Scam?,1635924393,0,1
qlp8nn,C4-PO,JPMorgan says BTC‚Äôs ‚Äòfair price‚Äô is $35K‚Ä¶ but it still expects crypto to ‚Äòoutperform‚Äô,1635924361,0,1
qlp7xx,W0rld_crypt0_c0ins,The Fed &amp; Crypto,1635924267,0,1
qlp7xf,rotzeod,I wrote a new Pivot indicator that predicts a possible price of $180k per BTC by Year's end,1635924266,0,1
qlp6om,JackelineFilte1,"What exactly is bitcoin? Why has it been dubbed ""digital gold""?",1635924102,0,1
qmanel,Hardpartying4u,Big 4 Australian bank to offer Crypto services including Bitcoin,1635992707,0,1
qmal6i,Long-Particular,For Bitcoin to be a store of value‚Ä¶ its price has to stable‚Ä¶,1635992499,0,1
qmak0d,Long-Particular,For Bitcoin to become a store of value (sound)‚Ä¶ it has to become stable‚Ä¶,1635992390,0,1
qmahj7,born_at_kfc,Had a fever dream,1635992159,0,1
qmag6q,autumnleaf_,Found an account whith bitcoin,1635992040,0,1
qmaduq,DaveSickRodriguez,Govt Corruption contact Attorney General Healy and House ethics committee...save the country!,1635991827,0,1
qmacrt,blrtw1994,Fiat On ramp issues,1635991730,0,1
qma9qv,henrrycc1905,Why #Bitcoin makes these moves. He has left me out of the market 2 times for those candles ... any suggestions?,1635991475,0,1
qma1al,ksagi,WORLD SYSTEM IS WITH THE CRYPTO,1635990752,0,1
qm9wjj,Content-Dog-6386,Do all miners start from nonce 0?,1635990316,0,1
qm9w23,soi2studio,Best place to buy BTC with low withdrawal fees?,1635990270,0,1
qm93uj,Phreesion,Why Bitcoin Is The Future Of Our Energy Grid | Bitcoin Magazine,1635987778,0,1
qm8vk7,TheFlawless00,Please help! Locked out of Authy and Robinhood,1635987053,0,1
qm8pxs,Some1fromReddit,The Pope wants to compete with Bitcoin.,1635986556,0,1
qm87cw,Satoshi_I_am,During the last Crypto mania phase (the last 3 years) I've been developing a Bitcoin themed game.üöÄ,1635984911,0,1
qm80ap,RideLightning99,China,1635984309,0,1
qm7h5l,zugandranmaster,Hello,1635982707,0,1
qm7f18,WillianBo,Bitcoin addresses with 0.01 BTC hit a new ATH,1635982527,0,1
qm7eyx,vvycyy,Please tell me if I have been scammed twice in a dayü•≤ü•≤,1635982521,0,1
qm7e2z,HugoRamos,"Bitcoin Here To Stay, Shitcoins Are Not! - Sen. Cynthia Lummis (2 minutes video)",1635982448,0,1
qm7e1k,letienphat1,"Joe rogan mentioned he got paid in btc in his newest podcast around 55 56 mins, the one with ari shaffir",1635982443,0,1
qm7cud,vvycyy,Please tell me if I have been scammed twice in a day‚Ä¶,1635982342,0,1
qm7890,Alascona,thank the Robotics,1635981964,0,1
qm736r,walkdavidmasonii,if you happen to see my xyo post this weekend...de nada! hit 6 cents today then settled back down. this one is just getting started! buy the dips on this one folks. esto leg√≠timo proyecto!,1635981554,0,1
qm70a9,islopes,best course for begginers in crypto helped me a lot,1635981321,0,1
qm6xcf,Elizabethtrade244,"In investing, what is comfortable is rarely profitable.",1635981079,0,1
qm6rwy,WeebOnDiscord,Where to buy little bitcoint?,1635980649,0,1
qm6mrt,SweatyMeat9,Crypto OTC Deals - Scams?,1635980254,0,1
qm6fc4,frey_sg,Bought the dip at 58000!!! Only put a little bit in tho üòî,1635979651,0,1
qm6etx,bsuffwuve,Bitcoin recovered,1635979610,0,1
qm68cc,Objective-Dealer-568,Buy Enjin Coin !! Let‚Äôs amp this coin up,1635979072,0,1
qm66sx,marshi11,Calculator Bitcoin long-term sustainability,1635978945,0,1
qm649e,Accomplished-Kale790,"Help getting BTC out of Coinbase, first time",1635978731,0,1
qm640p,SpacePuzzleheaded693,Tuturu!,1635978712,0,1
qm5yee,Suicidal_Baby,Bitcoin Magazine is hosting a conversation between Micheal Saylor and Greg Foss in a few minutes on Twitter,1635978252,0,1
qm5xvt,TheGreatMuffin,Preventing Channel Jamming on the Lightning Network (research),1635978210,0,1
qm5qbt,Economy_Ad_5541,Selamlar Beyler,1635977590,0,1
qm5pxn,BryanBSolstin,High-Quality BTC newsfeed on Bitbo website.,1635977558,0,1
qm5nfa,A-Dog22,"Bitfamrs, Marathon Digital, Hut 8 lead bitcoin mining stock rally (NASDAQ:HUT)",1635977357,0,1
qm5mdz,the_retrosaur,The Heimlich Maneuver,1635977277,0,1
qm5kf1,Sure-Echo2370,Sending Bitcoin is terrifying!,1635977124,0,1
qm5k1b,CamBam1994,What‚Äôs the best gaming (tower) PC to buy on Amazon to start mining Bitcoin on nicehash?,1635977094,0,1
qm5go9,alfons_jr,Btc,1635976853,0,1
qm5fxe,katz1983,"With BITCOIN reaching another all-time-highs surpassing $66K, is DOGECOIN next?",1635976809,0,1
qm5eul,alfons_jr,Btc trading,1635976730,0,1
qm5as9,Existing_Ball_1092,It transforms mind,1635976423,0,1
qm58qq,A-Dog22,Marathon Digital Holds $457M in Bitcoin After Increase in October Mining,1635976260,0,1
qm589a,DrakeVoice,Whats the better move?,1635976222,0,1
qm4v06,ThePeoplesChamp420,My futures just bought me a tatt üòÇ,1635975223,0,1
qm4t7e,rufusjonz,"This internet post from 2014 almost nailed 2017 &amp; 2021 BTC prices, using Logarithmic Regression",1635975088,0,1
qm4ook,Pickinanameainteasy,Thoughts on the Liquid sidechain?,1635974747,0,1
qm4oea,xyz_dlob,Bitcoin Historical Data - 2013,1635974722,0,1
qm4maz,vladmatei123,Bitcoin historical data,1635974562,0,1
qm4bk4,harryniel_25,Is Bitcrey Legit,1635973732,0,1
qm4bji,rufusjonz,It's not Nostradamus but it's close ...,1635973730,0,1
qm485f,tayezz,Are we saying that we've outsmarted the institutions?,1635973478,0,1
qm45fh,el_timinou,Why the US dollar and other Fiat currencies are scams! Explained,1635973273,0,1
qm454d,thefoodboylover,"Bitcoin is expected to reach $98,000 this month, according to PlanB",1635973249,0,1
qm4310,Simplybitcoin1,"Daily Bitcoin News November 2nd, 2021",1635973103,0,1
qm42rl,Roadtripping1,"Don‚Äôt know if this is allowed but if it isn‚Äôt illegal, I‚Äôd like to offer my services. Looking to work as a middle man to sending Bitcoin through Cashapp and PayPal only asking 5% interest of value of amount set. I.e, (5% of $500.)That will just be $25. If anyone is interested, send me a message.",1635973081,0,1
qm3ls5,Fast_Opportunity_189,Mining Bitcoin,1635971757,0,1
qm3hal,BrainFruit11,"My ""Feelin' Bullish/Bearish"" Design",1635971408,0,1
qm3dv5,lukeIamyourfather12,Anthony Pompliano Calls Out BitBoy Publicly For Promoting Pumps and Dumps,1635971138,0,1
qm38ye,UnableWinner2457,Meta Spatial,1635970751,0,1
qm364j,micheal19000,Buyers/investors,1635970528,0,1
qm31wl,Belatedlove520,Why is the use of cryptocurrency mining in a coinbase account different from simply relying on rising to make profits?,1635970215,0,1
qm30cb,VeinShoot58,Did you guys hear about shakepay?,1635970098,0,1
qm2zhx,BryanBSolstin,US Congressmen Sent SEC Letter Advocating For Spot Bitcoin ETF,1635970039,0,1
qm2u2g,MufBoiLegend420,My girlfriend needs a charger plz my acc number is 62922155793 plz deposit a small loan so i can give my girlfriend a new charger plz,1635969625,0,1
qm2i27,blackness918420,Convert shib back into Bitcoin?,1635968674,0,1
qm2gr0,lamar1441,Made my first BTC purchase today.,1635968569,0,1
qm2efz,Winniebearr,What does Bitcoin mean to you?,1635968393,0,1
qm2b17,Agreeable_Ad_322,What would happen to bitcoins price if the US dollar experienced hyperinflation?,1635968136,0,1
qm2736,Fun-Hamster-8457,"Bitcoin Mining explodes in America. Suck on that, China!",1635967832,0,1
qm1jl4,stratguy56,"Turns out I saved $10,000 on taxes due to losses and bad trading... How to Report Crypto Losses and Reduce Your Tax Bill",1635966046,0,1
qm1h41,Old_Mention467,"LOTX has amazing decentralization capabilities and strong market cap, I personally think this will be a huge investment",1635965876,0,1
qm1d7g,CoinCorner_Sam,HODL vs Trading,1635965572,0,1
qm15uq,BashCo,"Tales from the Crypt: #282: River adds bitcoin mining, the Metaverse, physical landscapes, and the CIA with Alexander Leishman",1635965009,0,1
qm1277,bestsloper,What the hell happened here?,1635964723,0,1
qm10k6,ThrowAwaydntopnddins,"The New ""Unfortunate Boating Accident"": The ""$5 Dollar Wrench Attack""",1635964590,0,1
qm1024,magni50cent,Money cannot bring happiness but misadventures with money are a leading cause of unhappiness,1635964548,0,1
qm0y81,ManhattanMadMan,HeatBit - The electric heater that earns you money. Earn Bitcoin while heating your home.,1635964403,0,1
qm0vob,yeboslik,"This was nice, anyone caught it?",1635964213,0,1
qm0uc3,Fresh_Kaleidoscope33,Why is BitcoinZ so underrated,1635964109,0,1
qm0t52,spiffyXD,Ted Cruz Pushes for Capitol Hill Vendors to Accept Cryptocurrency,1635964016,0,1
qm0slt,bitrefill,"Galoy Adopting Bitcoin LN Conference, Bitcoin Banking, &amp; Bitcoin Beach Full Interview Ep 28",1635963975,0,1
qm0qz0,DaBestWriter,.......Food for thought,1635963850,0,1
qm0pr7,Fiach_Dubh,Michael Saylor on MarketWatch Has a message for Apple: Bitcoin is Your Only Option For a Institutional Grade Macro Asset - Crypto is For VC Casinos - Nov 3rd 2021,1635963752,0,1
qm0p6s,HafizeBot,Benefits of Algorithmic Trading,1635963706,0,1
qm0n8n,AngryMooseTesticles,"Wtf was that $2,000 selloff about?",1635963557,0,1
qm0kns,stanmilc,DigiMax Global (CNSX: $DIGI) (OTC: $DBKSF) Announces Partnership Between BearClaw Esports and CryptoHawk AI,1635963363,0,1
qm0i2z,Puzzled-Cod-4910,How to report taxes when you trade from US on Phemex?,1635963160,0,1
qm0hh7,gtacontractor,Made a SAMPLE of how the rest of my seed words look stamped onto this beauty. Thanks for all the love and feedback everyone!,1635963113,0,1
qm0gse,ShotBot,Fed to start tapering bond purchases later this month as it starts pulling back on pandemic aid,1635963063,0,1
qm0e0b,Carlos_Silverman,Why are we still consolidating?,1635962850,0,1
qm09fm,jugginhawd,"Crypto is a religion, not an investment: Mark Mobius",1635962496,0,1
qm06zc,BashCo,"Tales from the Crypt: Citadel Dispatch e42 - security focused bitcoin nodes with @nixbitcoinorg, @n1ckler, and @seardsalmon",1635962314,0,1
qm01we,tdun56,Genuine Question.,1635961915,0,1
qm01h3,mehdipiro,buy bitcoin,1635961881,0,1
qm00mt,mehdipiro,how to bay bitcoin,1635961815,0,1
qlzys1,10YOredditandbitcoin,I want to make NFT and sell in btc. Is it possible and how would I?,1635961674,0,1
qlzt6q,GiftStunning8872,What is the best method to store the seed?,1635961240,0,1
qlzs26,CryptoCurrencEEE,Laos Expected To Earn 190 Million From Bitcoin Mining In 2022,1635961154,0,1
qlzp5h,spikep3,Earning Interest on Crypto in New York,1635960924,0,1
qlzml8,MonetiseMyMind,Michael Saylor - BITCOIN is Going UP FOREVER!,1635960722,0,1
qlzi3p,laughable_jogging,"Once, one BTC can buy a burger, but now it‚Äôs a burger shop?",1635960384,0,1
qlzg95,kalacoinofficial,AMA The Crypto Blade x KALA,1635960235,0,1
qlzeua,iitizzwhatiitizz,"People who bought Bitcoin in bulk in early stages like in 2010-2011, how you doing now? Share some thoughts please.",1635960128,0,1
qlzbzo,brokerwallstny,2 HOT PICKS under a penny GOING TO THE MOON üåô GUNNA POP HUGE BUY $HPNN &amp; $PHIL. =$$$ EXPECT A DOLLAR!!!! üí∞ GUARANTEED MARK MY POST üì´ money üí∞ üí∏,1635959918,0,1
qlz9tg,Simple-Crew9188,What do you guys think of this coin? Is it legit? Cardanoevo,1635959752,0,1
qlz8hr,Zannabis,"New to BTC, Thinking of buying some? Help?",1635959656,0,1
qlyx5c,Fluid-Program962,Getting into crypto and was wondering if I should diversify or stick with bitcoin? Have 2k right now and will be buying with every paycheck. Super noob to all of this but better late than never!,1635958828,0,1
qlyie5,BARTEZ2077,Bot=altcoin,1635957706,0,1
qly8t2,titi1992ks,GREAT POSITIVE NEWS - El Salvador Building New Schools With Bitcoin Gains,1635956952,0,1
qly7qu,_Keishamillss,What to buy with extra $500 ?,1635956871,0,1
qly5nv,MrTHC1986,Does anyone know if this is a scam?,1635956717,0,1
qly0t9,stellarowl12,I predict that Bitcoin will reach $150K by mid-2022 but not much higher... (Here are my reasons WHY and HOW),1635956348,0,1
qlxybk,flexbarker,"BTW Interesting Cuprum Coin - commodity-backed cryptocurrency, with base value in of ultra-fine copper powder worth over 60 Billion",1635956151,0,1
qlxwc2,kadudu888,"Assuming I have $100,000 in Bitcoin right now. Is it both theoretically and realistically possible to get to $500,000 this cycle?",1635956004,0,1
qlxuzj,throwawaygeneral1122,Need advice from people who have taken btc backed loans...,1635955908,0,1
qlxu9e,EntertainerWorth,The Best Business Show with Anthony Pompliano - Episode #81,1635955857,0,1
qlxrlq,jadijadi,A cafe in Tehran/Iran has a 5% Satoshi Back policy on every purchase done by local currency,1635955663,0,1
qlxq0m,bitcoinembassyspain,BITCOIN EMBASSY SPAIN,1635955543,0,1
qlxpau,Humble_Cranberry5273,How many of you have a pet named Satoshi?,1635955488,0,1
qlxoox,ligonsker,How safe am I when installing this php-bitcoinrpc using Composer?,1635955439,0,1
qlxn7r,PivexMemes,Bit-Trading Admin,1635955332,0,1
qlxgcm,open_mindz,Decrypted.. Anyone else watch this? Seen it and just had to lol..,1635954849,0,1
qlx9ej,kurza137,Myinvestor bank won¬¥t let clients buy bitcoin,1635954297,0,1
qlwwkr,Pwaaap,This week's #1 best selling book in the Netherlands is about Bitcoin,1635953284,0,1
qlwuf6,EdieFisher,Paypal,1635953104,0,1
qlwpom,throwlowesteem,What happens to prices of things if I can buy them with BTC?,1635952714,0,1
qlwn56,Adventurous8oot88,Diwali greetings to all!,1635952506,0,1
qlwkke,guyevans1,Lol,1635952290,0,1
qlwjit,sgsblue,Can your Bitcoins be stolen on your PC?,1635952206,0,1
qlwi1r,fecktk,After the recent btc ATH a new chart from TechDev_52 suggests that this Bitcoin bull run is far from top,1635952084,0,1
qlwhjr,SeriousTemporary1760,Cuan Tiktok Hashtags,1635952045,0,1
qlwhbc,Changehero_io,Do you guys think Zuck is trying to tell us something?ü§î,1635952024,0,1
qkqbor,Ceq01,Ember Fund - Invest in Crypto,1635807877,0,1
qkq9zg,Merlin_Murphy,Join reoccurring bitcoin purchases!,1635807743,0,3
qkq5ea,HappyBoiTimes,The girl know me - early birthday present,1635807401,2,1
qkq3v8,Haso_04,Bitcoin Shopping Discounts with Lightning Payments (A practical guide you might like to share with your friends/family),1635807280,4,3
qkq24y,Emyred14,earn huge amount of bitcoins a day,1635807142,0,1
qkq1xh,TopRT2,"If the CRA wrongly classifies you as business income instead of capital gains, what are your options to fight it?",1635807129,8,2
qkpzzm,K___logan,7yrs later - Finally unlocked my Blockstream green address (Former Greenbits) - Not rich but I'm impressed and happy because I made hays while the sun shone üòäüòä,1635806973,1,1
qkpu46,ususabitcoin,The Progressive Bitcoiner Dilemma,1635806505,0,1
qkpss0,Scoitch,$CORGI,1635806397,16,0
qkposr,Aaron_Wilds,Squid Games Coin,1635806062,6,0
qkpmrq,l-t-m,"‚Ä™Somebody, somewheeere. Just a $‚Äôs worth. ‚Ä™31rAfvU35vpEbMRVuqRN3DR9pCH9dJARkx‚Ä¨",1635805904,2,1
qkpiog,SeriousMedic,Its party time,1635805574,9,3
qkpfb0,Time-Cantaloupe6302,check this !!,1635805309,2,0
qkpei4,dzoidarkness,Mastercard will allow banks to offer cryptocurrency services,1635805250,5,12
qkpag9,kyleiskinky,First grade art class,1635804927,0,0
qkp2vb,Philosothink,What happens when the elder whales decide to unload ?,1635804329,49,1
qkp0fs,Mars_chego,"US Senator Endorse BTC, El Salvador Owns $67 Million Worth Bitcoin Now",1635804144,1,9
qkovq1,meshflesh40,Is BTC price being artificially suppressed?,1635803789,21,0
qkomh8,Repulsive_Bowl_5938,Is a lump sum investment worthwhile now ?,1635803054,17,5
qkoj9l,mindfulnaser,I TRIED BUYING A TATTOO WITH BITCOIN,1635802793,6,0
qkoil4,iamspace,"Wow, really? Burger King is Giving out cryptocurrency to loyalty members",1635802735,20,7
qkohc4,Analysa101,"Invest in Bitcoin and get multiple of what you invested,Bitcoin is so high and sweet now don‚Äôt forget to dm. +15124897844",1635802636,0,1
qko95e,_CoolTank_,CoolTank - 2-phase immersion cooling system (3100Th),1635801981,0,1
qko6wc,hyperinflationUSA,How do you create bitcoin reciving address with words in them such as 1Dorian4RoXcnBv9hnQ4Y2C1an6NJ4UrjX &amp; 1andreas3batLhQa2FawWjeyjCqyBzypd,1635801804,10,4
qko328,[deleted],Best Cryptocurrency Stocks for a Retirement Portfolio: 3 Experts Pick Their Faves | The Motley Fool,1635801509,2,0
qko1ja,A-Dog22,Banks Tried to Kill Crypto and Failed. Now They‚Äôre Embracing It (Slowly).,1635801389,7,9
qko105,crypto_pro585,Saw this chart indicating that Ethereum is definitely used as an inflation hedge. Does anyone know how to find the same chart for Bitcoin?,1635801350,2,1
qknxlg,Bitcoin_Magazine,NFL Legend Aaron Rodgers To Take Portion Of Salary In Bitcoin,1635801080,2,10
qknv7j,EVERWILDOUTDOORS,Is Open Interest data pointing to an imminent Bitcoin sell-off?,1635800900,4,1
qknpo8,Fiach_Dubh,"Apple Co-Founder Steve Wozniak | Bitcoin as Gold, Math &amp; Nature VS Governments and Money Printing - Oct 29th 2021",1635800482,1,13
qknomh,SimpleSwapExchange,Are you like this?,1635800413,2,1
qknn9x,[deleted],Marketeer looking for crypto programmer,1635800307,0,1
qkni7t,Sure-Echo2370,Newbie looses Ledger key words,1635799911,17,6
qknhxj,[deleted],mfers were playin squid game fr ü¶ë,1635799887,0,1
qknhbr,mcnello,Bitcoin Christmas Gifts,1635799840,6,3
qkngma,dzoidarkness,"The happiest investor in cryptocurrencies: turned $8,000 into $5.7 billion",1635799787,4,1
qkndyq,ohnoh18,"""We go to the moon together""- here's Aaron Rodgers announcing he's taking a portion of his salary in bitcoin, and giving out a total of $1M in BTC",1635799578,117,70
qkn78q,katherinxx69,"I want a sugar daddy to help me financially with my bitcoin account, I'm hotü§§üî•",1635799064,0,1
qkn72a,thereallizardlord,New Coinbase Earn - Loopring (LRC),1635799049,0,1
qkn61c,Bitcoin_is_plan_A,How did China¬¥s mining ban played out so far?,1635798974,14,11
qkn5da,JoopiterPriest,Future HOF QB Aaron Rodgers just endorsed Bitcoin and says he plans to take a portion of his salary in the digital currency.,1635798925,0,1
qkn307,No-Dependent-6555,Thanks Aaron!,1635798748,1,1
qkn0k9,Some1fromReddit,Bitcoin Maximalism 101: How to deal with a spouse that doesn't believe in Bitcoin.,1635798563,7,6
qkmvv8,Shot_Appointment4794,Anybody notice these guys yet?,1635798212,9,0
qkmv4w,stout071,Paying someone with BTC who wants USD,1635798159,23,3
qkms5f,maniparusu,Packers Aron Rodgers to take part of his Salary in Bitcoin. He believes Bitcoin is the future.,1635797941,5,13
qkmppi,[deleted],[Image] We all have our own pace,1635797760,0,1
qkmpdo,RyanWhiteDallas,STRIKE but in Canada??,1635797731,7,4
qkmof9,reachingforgreatness,slow network? transfer out of NEXO to Gemini? What to do?,1635797658,27,1
qkmnud,joewheatley21,"Bitcoin is hope. Fix the money, fix the world",1635797613,5,0
qkmmd0,Special_Yam_1174,NFL legend Aaron Rodgers to take a portion of his salary in Bitcoin,1635797500,5,10
qkmd3h,msamuelem,My pumpkin this year. HODL FOREVER,1635796818,1,1
qkm92u,zeycus,New Short Film: Bitcoin is Generational Wealth,1635796526,4,1
qkm7d7,msamuelem,Line if Credit vs DCA,1635796400,10,1
qkm66w,Initial_Captain_9819,A thought experiment: spend all existing bitcoins to purchase all US real estate.,1635796313,24,0
qkm5ih,Simplybitcoin1,"Daily Bitcoin News October 31st, 2021 - Weekend recap",1635796262,0,1
qkm2et,corey3088,The History Of Bitcoin (so far),1635796036,0,2
qkm0nv,YourMostFavoriteNPC,"Aaron Rodgers, dressed as John Wick, talking about bitcoin on cashapp.",1635795906,3,1
qklvsz,Keegan9000,Aaron Rodgers taking part of his salary in BTC,1635795535,0,1
qklujf,push_squares,21 million,1635795439,21,0
qkluce,OkEvidence7271,Biden Administration to Congress: Put Stablecoins Under Federal Supervision ‚Äì Or We Will,1635795425,21,2
qklu5j,SecondToNothing,Chinese Exodus of Bitcoin Mining Absorbed by the United States and Russia,1635795412,2,4
qklteb,PaxfulOfficial,*cheers*,1635795353,0,1
qkltcb,[deleted],Brother Aaron has spoken on Bitcoin. Go Pack Go!,1635795349,0,1
qklsag,Sparg-The-Tourist,this freaked me out,1635795274,63,0
qkloaj,Double-Code1902,Creating money is profitable,1635794971,10,1
qklmki,guardinvest,Kraken wire transfer issues?,1635794840,6,2
qklke2,Far-Trust-1e1,Exchanges should start showing price of a Sat,1635794673,0,1
qkldtx,gtacontractor,"Back By Popular Demand! Exploded view of the Stainless Steel seed phrase storage I built (this one is blank). Allen keys on both sides into connector nut, both of those into stainless threaded rod, plastic bushing is temporary while I wait on a stainless one. Seed words punched into washers 1-24.",1635794197,75,24
qkldl6,Far-Trust-1e1,Exchanges should start showing price of bitcoin in satoshis,1635794178,0,1
qklaup,Zestyclose-Screen-81,Coinbase lost my Bitcoin address,1635793975,20,0
qkl7wn,whiteyfisk46,"Bitcoin (BTC) Closes Month Above $60,000 for First Time in History",1635793752,4,8
qkl7re,TonyStark028,Whoever tells you that lightning is not the real Bitcoin - tell them that wifi is not the real Internet,1635793742,99,28
qkkyoh,fyodorwittgenstein,Worldcoin is Evil.,1635793081,6,2
qkkybo,thelifeaboveus,"Ok, can we talk about Meta? Why is the future of civilization not descentralized",1635793053,2,1
qkkvq5,[deleted],Squid Game crypto plunges to $0 after scammers steal millions of dollars from investors- ü§¶‚Äç‚ôÇÔ∏è,1635792849,12,3
qkksq4,ligonsker,Bitcoin Core regtest - Error parsing JSON: -regtest,1635792613,12,2
qkkneg,TNF05070,Vent: Emotionally exhausted,1635792186,152,1
qkkefi,momoax,Bitcoin is Generational Wealth - A Short Film by Matt Hornick and Tomer Strolight,1635791491,14,6
qkkeb1,[deleted],Playing the US lottery is probably more profitable than mining a BTC block with your GPU alone.,1635791481,16,7
qkkdf5,HighlordCharger,Fed Chair Jerome Powell on Bitcoin as a Store of Value (2019 - BTC @ 11.6k USD),1635791420,0,2
qkkayz,DDLyftUber,Is crypto taxed every year regardless of whether you sell it or not? (US),1635791219,4,1
qkk77x,chester-chewy-1,Tax Question,1635790916,21,0
qkk6kp,johLincoln,GBTC vs Bitcoin: What Is the Better Choice in 2021?,1635790870,7,0
qkk6jr,WillianBo,Earn 1 bitcoin eating hamburgers at Burger King,1635790868,21,3
qkk668,LeandraRonco,Interesting article about how to get tax advantages while trading Bitcoin,1635790839,0,21
qkk4ox,LiquidLenin,tether fud analysis/explanation help,1635790727,2,1
qkjjzg,IsmailIssa1998,Crypto Investing,1635789154,0,1
qkjbqg,sylsau,"Enthusiasm and Euphoria in the Bitcoin World Are Common. Trust and Patience Are Scarce. To get the most out of Bitcoin, you‚Äôll need a lot of confidence and patience.",1635788535,8,1
qkj1bo,Agreeable-Poet5415,Can you be scammed on p2p platforms?,1635787755,21,0
qlp69y,CoinCorner_Sam,The banksters are waking up - Thailand‚Äôs Oldest Bank Acquires Majority Stake in Country‚Äôs Largest Crypto Exchange,1635924053,0,1
qlp3w9,Lynxon_oberg,Is there anything useful that you need to know about Bitcoin,1635923742,0,1
qlp12f,BTC_LN,How to tell how many bitcoin nodes are out there?,1635923369,0,1
qloxig,Difficult-Radio1681,Drop me some coins for life advice,1635922906,0,1
qlow7t,citytelegraph,"Bitcoin to $ 98,000 in November? Trial by fire for stock-to-flow model",1635922763,0,1
qlow60,Franc085,Bitcoin going mainstream ?,1635922756,0,1
qlosvl,olivietti,Bitcoin ‚Äì needle in the haystack technology,1635922329,0,1
qlosex,MikkyGray,Sofi,1635922267,0,1
qloqtw,OrpenRosann,What is bitcoin's actual worth? Is there a pricing bubble there?,1635922071,0,1
qlom5x,C4-PO,Argo Blockchain mines record 597 BTC during Q3 2021,1635921504,0,1
qloh27,ivtonic,Holon Hackathon 2021,1635920937,0,1
qlns8z,erivrb,Something,1635917935,0,1
qlnp9n,Shaboyyyy,Funniest shit I‚Äôve ever seen,1635917601,0,1
qlnopb,TheDirtyDancer94,Just inherited an insanely huge sum of money and want to invest in bitcoin but I‚Äôm extremely naive about this crypto stuff,1635917535,0,1
qlnop9,PrestigiousPin6735,"Bitcoin is not about getting rich, its about not becoming poor like the centralized banks have planned for us.",1635917535,0,1
qlnfa0,nigeltrademark,Kleiman v Wright: Ira Kleiman set to testify Wednesday as defense cranks up the pressure,1635916448,0,1
qlncts,The_Realist01,"Newly elected NYC Mayor, Eric Adams, is now officially, Mayor of all the bitcoins!",1635916180,0,1
qlnb82,rBitcoinMod,"Daily Discussion, November 03, 2021",1635915999,0,1
qln9tu,jigu16,Should i invest in bitcoin in sip amount?,1635915839,0,1
qln56h,Practical-Display116,Benzinga,1635915363,0,1
qlmzpt,tradinginthematrix,Anyone know why they won‚Äôt respond. Thanks. Asking for a friend..,1635914768,0,1
qlmro6,spiffyXD,Mayor of Miami Says He'll Take His Next Paycheck in Bitcoin,1635913917,0,1
qlmome,lunariskk,I literally have no idea how this s* works. Can someone give me some tips,1635913586,0,1
qlmn1r,teachangel,Is this page open to support a teacher? A dollar would help bring in funds for my classroom. If you are reading this and have a dollar to spare please Venmo to @angelabg ü•∫ thank you so much,1635913418,0,1
qlmjvz,moonlit1111,"Crypto proficy November 4, 2021",1635913079,0,1
qlm5w4,ASmarterMan,Australian biggest bank will bring BTC into mainstream banking.,1635911651,0,1
qlm5e4,Illustrious-Pie8120,A good project is a good way out,1635911597,0,1
qlm3po,Claire_Tech,"üöÄ Meet the Founders &amp; Executives of Coursera, OpenTable, Salesforce, Gradescope, Snackpass | DECODE Innovation Conference 2021",1635911431,0,1
qlm2tm,Jackie_mani,"Bitcoin Might be owned by Few rich people. The beauty is, Those Rich people can't control Bitcoin despite owning it",1635911344,0,1
qllz9k,simplelifestyle,"The Bitcoin Privacy Course - How to buy, secure and send Bitcoin more anonymously!",1635910995,0,1
qllet3,NegativeAppeal2351,Rose cut diamonds,1635909010,0,1
qllcqj,Jimmythegreek2021,Any thoughts on JSMY token? Other communities calling it a Bitcoin threat?,1635908819,0,1
qll682,TheSich,How do I sell crypto without having to pay the short term capital gains tax? (The crypto is already purchased),1635908202,0,1
qlkxx7,Mynameis__--__,Warner Bros. Plans ‚ÄòThe Matrix Resurrections‚Äô NFT Project,1635907414,0,1
qlkrxw,IanLitzCrypto,Great Beginner Guide,1635906873,0,1
qlkif2,s3k2p7s9m8b5,Miami Mayor Suarez to Take Next Paycheck in Bitcoin,1635906015,0,1
qlkgue,simplelifestyle,Miami Mayor To Take Full Paycheck In Bitcoin | Nasdaq,1635905876,0,1
qlk740,OkSystem3281,Largest Australian bank to enable Bitcoin!,1635905014,0,1
qlk1s6,Derpable4,Need some support / advice,1635904554,0,1
qljxib,abigal566,Bitcoin investment program,1635904149,0,1
qljtjd,alla4564,Join us today and make more than you can ever imagine in a week with out bitcoin investment program,1635903786,0,1
qljoc9,Business_Solution_85,Selling a miner on eBay question,1635903318,0,1
qljl38,asiby20,Love when I find gems like these randomly,1635903038,0,1
qljjvt,No-Fox-7962,Is Bitcoin facing Law of Diminishing return? Sometimes I look at Ethereum and wonder üí≠,1635902934,0,1
qljj4t,cryptocoinguide,Will The BTC Consolidation End as a Breakout To The Upside or Downside?,1635902864,0,1
qlj7yj,Tracymorgan09,Morgan,1635901846,0,1
qlj4th,Working_Driver_9157,$kawa. kawakami inu token the next shib. only 15m market cap. pump timeee 100x,1635901563,0,1
qliqca,fabolous024,Store a value or payment system,1635900280,0,1
qliow1,Sully1R,Bitcoin Miner question,1635900148,0,1
qlilqi,Correct-Main-2303,Core Mind Blows!!,1635899877,0,1
qlijji,weeksy_j,Class action - Coinbase - multisig,1635899693,0,1
qligcp,Jamin1371,Is DeFi available for Bitcoin? I‚Äôm mainly interested in taking out a loan on my current holdings. Roast me if this a newby question!,1635899427,0,1
qlia4u,NoahsArkJP,Understanding PoW in the Bitcoin Blockchain,1635898883,0,1
qli8fv,jguest1105,"Name a better example of ‚Äúnot your keys, not your coins‚Äù than the Mt. Gox hack, if you can.",1635898737,0,1
qli6r9,criptonoticiasorg,COMENTARIO,1635898596,0,1
qli6ge,Many-Sheepherder-725,Bitcoin transaction fees,1635898569,0,1
qli36f,laffityflaps,Why Bitcoin Could Genuinely Make It To $5 Million,1635898288,0,1
qlhtl7,Obi1ginobli330,Cost effective hardwallets,1635897491,0,1
qlhp7o,ManhattanTrife,How do crypto wallets work?,1635897115,0,1
qlhh2m,SatoshiNakamotoWife,BITCOIN‚Ñ¢Ô∏è PSY-OP (an happy ending story),1635896425,0,1
qlhbfe,thefoodboylover,El Salvador will build 20 ‚ÄúBitcoin Schools‚Äù with cryptocurrency profits,1635895965,0,1
qlhb25,StaysInBed415,Cold Storage on Trezor Longevity (USB outdated?),1635895932,0,1
qlh93d,Fred_Dibnah,What are the lines below the graph represent? They seem to have no direct meaning? Thanks in advance üëç,1635895771,0,1
qlh5k8,boats_n_hoezz,My Problem With Bitcoin And Crypto In General,1635895477,0,1
qlh0ng,Ok_Bitcoin3,"Nvidia GTX 1070 TI Mining Rig BITCOIN ONLY - $7,500",1635895079,0,1
qlgu0r,remotedave,"What stopped me from buying BTC when it was $12? And why that doesn‚Äôt matter, today.",1635894530,0,1
qlgto0,IllustriousFarmer748,Too late to join,1635894498,0,1
qlgrfn,bawlerblog,What companies collect payment in Bitcoin?,1635894314,0,1
qlgjuw,castorfromtheva,Africa Leading Retail-Sized Bitcoin Payments Suggests Increasing Adoption,1635893714,0,1
qlggqu,CeFi_Rates,Coinbase allowing users to borrow cash using Bitcoin as collateral,1635893458,0,1
qlge1n,Fun-Hamster-8457,Idea to remember your seed phrase,1635893240,0,1
qlgb8z,Jamesonlopp,Bitcoin getting even more interesting. Spot on,1635893018,0,1
qlg9fo,whiteyfisk46,Global Cheap Electricity Distribution Bodes Well For Bitcoin Decentralization,1635892875,0,1
qlg79b,CarelessLawfulness20,Legal Fight over 1.1 MILLION Bitcoin Begins | CoinMarketCap,1635892699,0,1
qlg6ut,Fun-Hamster-8457,Predict using your own models!,1635892669,0,1
qlg65n,fannywaffles,CBA makes landmark move into cryptocurrencies (Australia‚Äôs biggest bank!),1635892614,0,1
qlg3an,Lvl80-Cart-Pusher,Trader Joe‚Äôs mentions crypto,1635892396,0,1
qlg341,CPTHarlock7,Scaling !?,1635892384,0,1
qlfuzf,mindfulnaser,I Bought a Tattoo with Bitcoin Lightning ‚ö°Ô∏è in Prague,1635891740,0,1
qlflcm,CameraSafe5240,Bitcoin set to $100K in december ?,1635890989,0,1
ql1bz4,DankOfDefiance,"Nov 2 2021: 63.3k ,PlanB was off a day XD",1635849299,0,1
ql1aa2,Special_Yam_1174,"Without Bitcoin Singapore risks ""being left behind."" - Director of the Monetary Authority of Singapore",1635849076,0,1
ql167c,Electronic_Release76,Theory of Decentralized Fiat Currency and Liquid Democracy. Looking for collaborators,1635848572,0,1
ql13l3,PRESTO_X,Daily Report - Bitcoin and Market Update (November 1 2021) - The Birb Nest,1635848250,0,1
ql0zj7,NebuLa32,Bitcoin Price relative to M2 and respective purchasing power over the next 10 years,1635847732,0,1
ql0yc7,SnooPineapplez,What is Gavin Andresen up to now?,1635847587,0,0
ql0xs0,TheGreatMuffin,How much does it cost to destroy Bitcoin? (educational),1635847514,1,1
ql0qur,BitcoinWide,Who are bears and bulls?,1635846675,0,1
ql0pdo,Thowaway24243747474,"Do not make the mistake of wrongly understanding words ""tangible"" and ""intrinsic""",1635846493,1,1
ql0fr8,dineshrawat3433,‡§ß‡§®‡§§‡•á‡§∞‡§∏ ‡§ï‡•Ä ‡§π‡§æ‡§∞‡•ç‡§¶‡§ø‡§ï ‡§∂‡•Å‡§≠‡§ï‡§æ‡§Æ‡§®‡§æ‡§è‡§Ç,1635845292,0,1
ql0fdg,Desperate_Towel_2212,The world is changing and making money today online is becoming so interesting can you imagine just making 600 TRX just by signing up?,1635845242,0,1
ql0ebj,Dry-Raisin-9642,Help with the project !!!,1635845116,0,1
ql0e25,BitcoinFrance,He didn‚Äôt like the fact that I told him that his antivax opinion have nothing to do on Twitter and he should stick to what he does best with Bitcoin.,1635845083,0,1
ql0bpo,qualifiedtempo021,DCG Reaches $10 Billion Valuation in Secondary Sale Led by Softbank and Capitalg,1635844758,0,1
ql0beo,Unusual-Football6340,Genesis Digital Assets Announces Bitcoin Mining Center In Texas,1635844713,0,1
ql0akh,C4-PO,NYDIG acquires Bitcoin micropayments firm Bottlepay,1635844598,0,1
ql09ye,sepke12345,Bitcoin (BTC) mining is becoming sustainable faster than anyone thought - Blockbulletin,1635844514,0,1
ql05nk,Pure-Distribution926,Overpaid fees,1635843915,0,1
ql03pe,turnedtable_,"As a fellow HODLer, I miss the volatility. Those are the times.",1635843643,0,1
ql02zn,Professional_Pain711,"Here‚Äôs When Cardano Can Realistically Reach New All-Time High, According to Crypto Analyst Benjamin Cowen",1635843571,0,1
ql02e3,Dry-Raisin-9642,Help in the project !!!,1635843481,0,1
qkzqak,vax499,How does this affect bitcoin security?,1635841849,0,1
qkzg8o,shhuggy,Thought Experiment,1635840496,0,1
qkz1vi,C4-PO,Bitcoin ‚ÄòMoonvember‚Äô begins as data shows November is best month for S&amp;P 500,1635838679,0,1
qkyxdh,heyfavy,Please does anyone hear or know about solana clasic pre-sale?,1635838076,0,1
qkyww1,Direct_Hunter3047,Bank account Flashing software tool for sale,1635838006,0,1
qkywgz,010101111000110,Noob questions.,1635837949,0,1
qkypev,AdaZhang88,"Why do we always miss the chances of getting rich like the Internet, Bitcoin, and buying a house?",1635837008,0,1
qkymwl,New_Rip2222,Nov. 2 U.S. crude oil trading strategy: oil prices continue to be bullish ahead of OPEC+ meeting,1635836704,0,1
qkykuc,Borislimbas,I Updated and Fixed a 2015 Info graphic by the New Jersey Institute of Technology,1635836443,0,1
qkyirw,Anne400grace,Why you should use lunar crush when you want to invest in crypto,1635836189,0,1
qkyew7,Georgefre,Bitcoin and Neteller?,1635835706,0,1
qkybx1,Steverichard3,Hey üëã guys,1635835349,0,1
qkxwde,cryptocoinguide,Looking for the lowest transaction fee charge for Crypto Exchange!,1635833484,0,1
qkxvj9,traviszzz,Why aren't we seeing more local shops and restaurants accepting bitcoin via lightening network in US?,1635833385,1,3
qkxme4,uncle__tomm,Blockfi,1635832307,0,1
qkxjr1,[deleted],"Nearly $38,000,000,0000 in Bitcoin Have Left Crypto Exchanges Since February 2020",1635831984,0,1
qkxc9j,frosty3907,"Here's the graph that made me decide to buy Bitcoin, overlaid in cyan with how it's performed since.",1635831128,0,1
qkxbmj,NeedleworkerNo2874,Fiat &amp; Bitcoin,1635831057,0,2
qkxbix,C4-PO,NFL quarterback Aaron Rodgers will accept part of $22M salary in Bitcoin,1635831046,1,0
qkxb5f,Nolan523,Mining software,1635831007,1,0
qkx81h,C4-PO,Institutional managers bought $2B worth of Bitcoin in October,1635830650,0,2
qkx674,kester1222,weight loss and nutrition,1635830444,0,1
qkx18z,Alvaro182,What do you think about it?,1635829882,0,1
qkwzwp,Virtual-Question6627,Can someone send me .5 Bitcoin I'm trying to see something.,1635829747,2,1
qkwve2,rBitcoinMod,"Daily Discussion, November 02, 2021",1635829277,6,1
qkwshd,No-Climate3734,"Earn Bitcoin, Dice, Plinko,Crash and More game",1635828988,0,1
qkwras,Signal-Good-4218,Anyone else get this error when doing Coinbase earn?,1635828861,0,1
qkwhdh,EntertainerWorth,Wise Words on How Bitcoin Will Continue to Evolve and How We can Grow the Community,1635827796,0,1
qkwgwt,_PeggyLeigh4u,MysteryNFTcontent,1635827747,0,0
qkwdyr,JickJack2020,It's over,1635827450,2,0
qkwd4w,Unlikely-Bar8350,Go add,1635827364,0,1
qkw5v9,JANE0505,Goodnight's First Bitcoin ETF Breaks $2.3 Billion in Two Weeks on the Market!,1635826619,7,3
qkw4te,Savvy_T4208,Bitcoin beginner,1635826507,0,1
qkw4a3,JickJack2020,You fukking mortals,1635826452,22,0
qkw3pb,BulgarianBoy,Has anyone heard of this exchange?,1635826392,11,0
qkvxwx,[deleted],Is BTC a good long term buy now?,1635825794,7,2
qkvsah,GabrielT007,Running bitcoin v0.1,1635825262,1,2
qkvr43,SJWcucksoyboy,A Chameleon Model - Why Bitcoin‚Äôs Stock-to-Flow Model is Fatally Flawed ‚Äî Strix Leviathan,1635825142,2,0
qkvomz,goupperninty,Contango execution question,1635824910,1,1
qkvms1,fanzakh,Where do you guys go for bitcoin news? This sub is good but it's a bit chaotic.,1635824721,0,1
qkvldb,FullerStock,FullerStock | GameStop leads the way as meme stocks eye best day since Aug,1635824581,1,1
qkvkit,Jake-the_cake,bitcoin is just money there is nothing cool about it,1635824499,5,0
qkvb32,[deleted],Gg,1635823600,0,1
qkv99h,saucedonkey,"TA is bullshit, so here is a hell of a bullish pennant. Do with this what you may.",1635823417,0,1
qkv52p,Mac_McAvery,Curious about Day trading Bitcoin,1635823010,16,0
qkuxoj,cuhbuhlcuh,Seeking advice on BTC investing,1635822298,0,1
qkuvvr,MrJacuna,Bitcoin Economics in the Future,1635822131,8,0
qkusry,WillianBo,"""Bitcoin over $60,000 is a clear sign of trouble in the US economy,"" says Peter Thiel",1635821843,2,0
qkuspb,[deleted],Sometimes I think we're getting close to a top &amp; then I fall back to reality after seeing popular comments like this.,1635821835,0,1
qkun7l,AdventurousAd1128,can anyone please help me with some funds? üôèüèΩ trying to get a lawyer for my best friend ! bc1qnxtrmefvjfma0m4w28ee0ppkdn3jddugn6q3vs,1635821323,3,0
qkugla,Professional_Pilot21,Aaron Rodgers teams with Square in $1 million bitcoin giveaway promotion,1635820737,6,3
qkudrw,FreeScottie33,Aaron Rodgers giving out btc @oldfashionedroger,1635820486,0,1
qkubi3,polloponzi,Full FOMO mode achieved: Shitcoin market time is here (officially)!,1635820284,0,1
qkua6j,[deleted],Full FOMO mode achieved: Shitcoin market is here officially!,1635820170,0,1
qku93z,marcleo1,Not much but thanks A-aron!,1635820074,4,6
qku6gy,Least_Marzipan_207,Let go,1635819839,2,0
qku3dc,TechnicallyAnal,"(4hr) Inverse head and shoulders forming on an ascending wedge, Im thinking itll take the price to 68",1635819571,0,1
qku0vk,Immediate-Evidence55,How to Transfer Bitcoin to PayPal Instantly | Sell Bitcoin for PayPal,1635819350,0,1
qktvob,benperrin117,I made a video tutorial for the Opendime. TLDW; it's a USB device that allows you to load BTC and pay/gift it to someone without the risk of the originator sweeping the funds afterwards. It makes trustless physical Bitcoin transactions possible.,1635818895,0,2
qktogu,Then-Examination-386,Hired professional hacker to get back your lost BTC,1635818290,0,1
qktnm9,altrusistic_asshole,What happens to bitcoin once the last one has been mined? What happens to the blockchain?,1635818216,0,1
qktlij,Least_Marzipan_207,Please this is the best mining,1635818026,2,0
qktl6n,horizons59,Overwhelming Changes Afoot,1635817993,0,1
qkt6x1,[deleted],Exploring the Origin of Bitcoin with Adam Back - Creator of Hashcash and Referenced in Bitcoin Whitepaper.,1635816744,0,2
qksywv,Mallardshead,Man's final money,1635816025,2,0
qksyax,colamuse,Mandate investment exit to BTC,1635815971,17,1
qksvus,galvinb1,"12,419 comments and not one mentioned Bitcoin?",1635815751,0,1
qksqe4,progrow916,DMDKsjypa7viHmgh4zdinxrvsa4zFUFjJR,1635815278,0,1
qksj8s,progrow916,Kishu is gonna rock your world in 7 days,1635814664,2,0
qksfr5,Bisketart-official,A Coinbase user lost $11.6 million in under 10 minutes :(,1635814351,13,0
qksfc7,Lindsaynolan-291,Bitcoin stands ....,1635814314,10,0
qksevf,progrow916,Multifold,1635814272,0,0
qkscu7,Lindsaynolan-291,Bitcoin Going Global,1635814092,6,0
qk5jh1,sgtslaughterTV,"This needs to be said: If Elon Musk / Tesla wants to stir the shitcoin casino that is going on right now, we need to let him know we can buy electric vehicles from other companies.",1635737755,4,1
qk5gcm,IceAgeTrail,Plan B lives in CST?,1635737433,1,1
qk5f3r,jcoll627,Here Are Some Bullish Thoughts On Crypto As They Relate To The Upcoming November 3rd US Fed Meeting... Based On Re-listening To The September Fed Meeting On Economy and Interest Rates,1635737298,7,1
qk5ed5,FFearbot,Is Blockchain really having a network congestion seriously guys need an answer....,1635737224,7,1
qk59wi,jcoll627,Here Are Some Bullish Thoughts For The Crypto Market Ahead Of The Upcoming November 3rd US Fed Meeting... Based On Re-listening to the September Fed Meeting On Economy and Interest Rates,1635736749,0,1
qk4x3u,draganilla,Does anyone else occasionally look at posts from 8+ years ago and laugh?,1635735486,0,1
qk4vrb,Obvious-Ad5878,Sending from Cashapp to Strike,1635735344,20,1
qk4twt,D3thst4lk3r,Sell from coinbase Australia,1635735147,8,1
qk4tt9,CoolKidBowser98,WE FOUND SQUID GAME IRL!,1635735138,0,1
qk4tde,Final-Dig1033,IS ANOTHER BTC BULL RUN IMMINENT OR NOT,1635735091,0,1
qk4ple,JediWithASniper,Pretty much !,1635734711,0,1
qk4oai,simplelifestyle,Somebody is trying too hard...,1635734570,4,1
qk4clz,Kokaiinikarhu,SHIBA INU is the next big thing,1635733390,0,1
qk4abd,PapaSlurms,‚ÄúPhysical‚Äù BTC ETFs now allowed under new AU guidance,1635733158,5,1
qk46te,WanderingEmpath_,My pumpkin this year,1635732808,4,1
qk465f,BK2021,Best way to convert BTC to USDC,1635732743,3,1
qk41gk,brianddk,How to hack an exchange account,1635732296,67,1
qk3zxb,SketchySavage,How do I deposit on Stake?,1635732145,1,1
qk3z5h,Tagalettandi,What‚Äôs our plan when govts bans bitcoin ?,1635732073,54,1
qk3opw,infoday_us,"Bitcoin notches record high, day after U.S. ETF debut",1635731083,3,1
qk3nrx,Ethean_Solv,Bitcoin's white paper was published 13 years ago today. Happy Anniversary Y'allü•≥,1635730993,13,1
qk3nqh,infoday_us,Walmart allowing some shoppers to buy bitcoin at Coinstar kiosks,1635730989,3,1
qk3mpg,Ethean_Solv,Happy Anniversary Y'all!,1635730894,0,1
qk3mkt,charlie0218a,Pi network is a new digital currency,1635730881,0,1
qk3ho5,corey3088,7 Bitcoin YouTubers You Should Be Following,1635730388,7,1
qk3h7g,corey3088,The Threats Facing Bitcoin,1635730337,0,1
qk38ol,cougarsfavcub,Make money like I do,1635729469,0,1
qk36fb,anonymal_metal,Anonymal - As Government Dies - Lyric Video,1635729238,4,1
qk2wfg,Airmevalour99,Riding with the btc dip.,1635728248,0,1
qk2uxi,asdvlkjkjdos,Implementing Michael Saylor's thesis of never selling your bitcoin,1635728092,25,1
qk2rf0,HugoRamos,"Bitcoin Is Not Asking For Permission, We Forgot To Do That! - Bitcoin Whitepaper Day Celebration (6 minutes)",1635727730,9,1
qk2l5e,A-Dog22,3 Crypto Stocks Gearing up for Gains; Analysts Say ‚ÄòBuy‚Äô,1635727086,0,1
qk2i5g,SoftRelease3955,Happy Halloween üéÉ,1635726778,0,1
qk2i48,dr_h-donna-gust,Coinbase prices,1635726775,19,1
qk28kn,A-Dog22,Is MARA Stock A Buy As SEC Approves Bitcoin ETF? - News Nation USA,1635725823,0,1
qk24nc,obesefamily,Umbrell vs Embassy OS - please help me understand,1635725433,0,1
qk1zp3,CryptoCurrencEEE,"Two of the biggest bitcoin mining companies in the world are battling it out in a Texas town of 5,600 people",1635724986,35,1
qk1wfi,OpinionsAreUseless,Coinbase concerns!,1635724701,15,1
qk1u98,jcoll627,Just Re-listened to the September Fed Meeting On Economy and Interest Rates... Here Are My Thoughts Ahead of The November 3rd Upcoming Meeting,1635724479,2,1
qk1szq,mezmax,"Bitcoin Is Mathematical Purity, Says Apple Co-Founder Steve Wozniak",1635724356,20,1
qk1k4c,bass1012dash,ChangeNOW took my Bitcoin,1635723503,0,1
qk1iwp,PrognosticalSon,"Example of a propaganda hit piece. New lies about how remittances are impractical. New attempts to co-opt and obfuscate the term Gresham's Law, claiming ETF money is the good money driving out the bad. Expect more repetition of these points in coming media pieces.",1635723387,51,1
qk1ifv,bass1012dash,ChangeNOW scam,1635723343,1,1
qk1c3t,StreetManBeetMan,Basic question about UTXO/XPUB privacy,1635722745,0,1
qk1a7b,TheBitgodFoundation,We have created a digital God,1635722558,8,1
qk16ua,Exotic-Investment110,I know most of you are like me. Stop. Please.,1635722244,0,1
qk159o,Public_Hamster5458,"When people warn about bitcoin being volatile when investing, is that really something to be worried about?",1635722096,10,1
qk0zja,ConsistentLychee,Best way to convert Bitcoin to cash. (US),1635721559,10,1
qk0m0y,highfive9000,Bear Case,1635720320,6,1
qk0jt0,gtacontractor,"Took a note from you all! 24 word seed phrase is now safe from fire, water, corrosion, and if anyone wants it, it‚Äôs heavy enough to hurt them bad when thrown ;) Stainless Steel Seed FTW all the way to the moon! Oh, and HODL! (Ledger Nano S for scale)",1635720106,75,1
qk0fkv,Maticus,Lightning Critique - is this true?,1635719708,28,1
qk0ep8,Still_Hat6758,Where are all the early adopters?,1635719628,451,1
qk0b9z,Cute_Reaction_9151,BTC bottom in at 60K; ready for pump to 74K next week.,1635719310,1,1
qk02tk,thefoodboylover,"‚ÄúWe need to allow banks to hold bitcoin,‚Äù says US regulator FDIC",1635718546,224,1
qk01xu,NewToBTCImTrynBeRich,New to dis crypto shit üòπ,1635718466,30,1
qk01rr,dukecitydean,Subliminal messaging. Someone give her some laser eyes!,1635718450,0,1
qjzzkk,mindfulnaser,Coffee Shop Only Accepts BITCOIN ‚ö°Ô∏è,1635718253,135,1
qjzugh,-ShigeruTarantino,How do I freeze myself for 20 years?,1635717815,31,1
qjzshf,simonbower,I loved this print as soon as I saw it online.,1635717639,0,1
qjzruo,mindfulnaser,KEEP YOUR CRYPTO SAFE - TREZOR,1635717596,2,1
qjzrr6,Jhonnyrocket,"Hello guys, i just find out i opened an account on bitcoin-central in 2013 and i had 2 btc on it that i never withdrew. Now when i login to my paymium account ( same user name and password ) my balance is showing 0btc. Anyone experienced the same problem? many thanks!",1635717587,0,1
qjzqz3,mindfulnaser,This Coffee Shop Only Accepts BITCOIN ‚ö°Ô∏è,1635717514,0,1
qjzpp6,c-f-m-a,Wonder how long it‚Äôll take this one to get removed,1635717401,0,1
qjzo91,GreyBeardWizard,Bitcoin white paper's 13th anniversary celebrated with decentralized pizza (and Gilbert Gottfried),1635717267,1,1
qjzk75,Jeffersonfx,Trading on currency pairs requires alot of professionalism you have to have a close look at your pairs before carrying out your trades #forex #cryptotrade,1635716901,0,1
qjzjs0,Temporary_Shift_4452,Bitcoin in November ?,1635716862,5,1
qjzit3,EVERWILDOUTDOORS,Matt Damon becomes latest celebrity to endorse cryptocurrency,1635716779,35,1
qjzgva,SatoshiNakamotoWife,BTC a good capitalism story,1635716610,4,1
qjz8ju,tip_nz,"I made a tribute video for Bitcoin, for the plebs :)",1635715899,0,1
qjz2zo,Personal_Jesus_420,For all the people who did read the whitepaper: Did you read PlanB‚Äôs explanation to his Stock-to-Flow modell. That‚Äòs‚Ä¶ I mean I don‚Äòt have words‚Ä¶ eye opening‚Ä¶!,1635715423,2,1
qjyy1b,Quintink,Binance API key,1635714980,7,1
qjyvsu,hyperinflationUSA,Why Is the IMF Afraid of Cryptozation?,1635714782,5,1
qjylu7,AggressiveDamage3393,"The longer a history Bitcoin has, the more comfortable I am investing in it.",1635713943,0,1
qjykb5,akakmoto2,Winner Winner Legal Tender! How Bitcoin Was Always Global Cash by akakmoto,1635713810,0,1
qjyiux,MasterEverblack,You just won 10k cash. How do you enter the market?,1635713688,31,1
qjyicg,mojo_90,Floki,1635713647,1,1
qjyhiy,akakmoto2,Winner Winner Legal Tender! How Bitcoin Was Always Global Cash by @akakmoto,1635713578,0,1
qjycw0,UnusualPass,Stop worshipping Plan B,1635713174,52,1
qjy6qm,Proof-of-Paint,Happy Halloween Fellow Plebs! (Dis)Obey Your Local Fiat Overlords!,1635712660,46,1
qjxyqy,ididntreadthesidebar,ELI5: it seems like the time to buy has passed for those looking to make a nice profit. Many say otherwise. Why?,1635711977,35,1
qjxx92,BashCo,Tales from the Crypt: Special Announcement: Ten31,1635711850,0,1
qjxt05,LipLarpingLayman,Strike: The Failed Test,1635711491,15,1
qjxrtw,Stijnwe,Kidney or BTC?,1635711390,6,1
qjxk7d,throwaway2721111usbz,"Friendly reminder for noobies to NEVER give out your key phrases, DMs wanting to ‚Äúhelp‚Äù are almost always scams",1635710751,106,1
qjxgav,goldenoreoinmilk,Bitcoins will do fine,1635710434,1,1
qjx7j9,Grammar_Natsee_,To get some perspective...,1635709698,8,1
qjx5c9,Additional_Sport6607,HELP! BLOCKCHAIN! Can‚Äôt withdraw money into my account?,1635709522,1,1
qlffb4,ashleysmithST,Can you still use Binance in the UK?,1635890510,0,1
qlf7ru,kilroysilk,"Best DEX for BTC to stables? lowest fees, best liquidity etc?",1635889927,0,1
qlf47d,Popular_Fox_8385,Getting started,1635889641,0,1
qlef8b,WillianBo,"There are 2 weeks left to activate Taproot in Bitcoin, have you already updated your node?",1635887714,0,1
qlebbn,Simplybitcoin1,"Daily Bitcoin News November 1st, 2021",1635887399,0,1
qlean9,Past-Ride-4062,¬¥√ß,1635887345,0,1
qle8fa,Cryptonly-io,"Ethereum price hits a new high above $4,500 right as Bitcoin recaptures $64K",1635887175,0,1
qle27s,BrainFruit11,"My ""To the Moon!"" Design",1635886697,0,1
qldzdy,prayank_gahlot,Bitcoin Dev meetup we recently had in India in an engineering college and few things about Bitcoin Knots,1635886483,0,1
qldtme,ligonsker,Multiple bitcoind nodes - how to specify to which send RPC commands via bitcoin-cli?,1635886028,0,1
qldsfe,ksw85,How much did it cost Satoshi to secure 1 million BTC?,1635885938,0,1
qldr76,genius_retard,Anyone else feel like we'll see new ATH tomorrow?,1635885845,0,1
qldqe2,b00daBeast,Bitcoin Ogre,1635885779,0,1
qldp84,redditorrheart,"if you gained 15k the lost 5k in short term capital gain, do you pay 10k in taxes or 12k in taxes",1635885693,0,1
qldnrq,Rick_Sanchez_C359,Fake Coinbase Email Scam Alert.,1635885583,0,1
qldiol,FridaTroup,How Do Bitcoin ETFs Work and What Are the Pros and Cons?,1635885220,0,1
qldgis,Far-Trust-1e1,Exchanges should post price of btc in sats,1635885064,0,1
qldbxq,Terrible_Package_430,Coinbase account. How do I know if CoinTracker is legit and what to withdraw? I can‚Äôt withdraw it without paying a fee and I can‚Äôt take the fee from what I‚Äôve made. Any help?,1635884732,0,1
qlda45,Tough_Permit4297,Give away of freely launched new meme tokens.....,1635884586,0,1
qld9b3,Professional_Pilot21,Miami mayor plans to accept first paycheck entirely in Bitcoin,1635884524,0,1
qld6f1,KAX1107,Senator Lummis: Bitcoin is here to stay. A lot of the others are not. Bitcoin is the standard. Everything else has to be monitored differently because they're created differently.,1635884297,0,1
qlcu4o,RatherFunGames,How To Create a Verifiably Fair Drawing Using the Bitcoin Blockchain,1635883365,0,1
qlcaov,JediWithASniper,MUST WATCH: Gary Gensler says Bitcoin will go to 0,1635881865,0,1
qlc9gw,Cryptolution,Why Crypto-Based Digital Assets May Form a New Asset Class - Bank of America,1635881773,0,1
qlc98c,ligonsker,Who should I contact if the Bitcoin Core docs point to a malicious website?,1635881755,0,1
qlc8gr,[deleted],Who should I contact if the Bitcoin Core docs point to a malicious websites?,1635881701,0,1
qlc5qi,luistx,BTC meets Santa!! BTC to the moon!! ‚ù§Ô∏è,1635881495,0,1
qlbr8l,BashCo,"Tales from the Crypt: #281: Chinese mining theory, bitcoin divisibility, and UTXOs with John Carvalho",1635880399,0,1
qlbr1y,michael19961,Hi,1635880386,0,1
qlbnzt,EemeliJarvela,Best Educational Resources,1635880154,0,1
qlbjot,Remarkable_Still_179,I wanna get started in Bitcoin..,1635879831,0,1
qlb7fy,AlternativeRelease99,UK crypto,1635878949,0,1
qlb3ko,BBQCopter,Beware People Trying to Dismiss Jack Dorsey's Inflation Analysis as Disinformation,1635878659,0,1
qlb2i1,fecktk,"Adoption of Bitcoin is happening at a staggering rate. Today, Miami Mayor Francis Suarez announced he will take his full salary in btc",1635878579,0,1
qlb0e7,No-Influence-1319,"Question about market cap, diluted MC... And other questions",1635878421,0,1
qlay5m,ramzarzyar,ÿ®€åÿ™ ⁄©Ÿà€åŸÜ ⁄Ü€åÿ≥ÿ™ ÿü,1635878261,0,1
qlauw2,Pullmyfinger27,Best Canadian exchange??,1635878013,0,1
qlarke,progrow916,Kishu ultimate killer dog,1635877757,0,1
qlar1o,matthewryancase,Happy Moonvember Friends. WGMI,1635877715,0,1
qlao84,SCV_Cyber,Bitcoin and Lighting Nodes ‚Äî The Backbone of Bitcoin‚Äôs Future,1635877500,0,1
qlalfx,LeminMelin,What is the very first thing you will buy when you're rich?,1635877281,0,1
qla0bh,ialfreddo,People in El Salvador are selling they BTC and change them for fiat because the price is ‚ÄúHigh‚Äù. The limit for a transaction is $1000 USD. You need to do this 64 times to withdrawl 1 BTC. I‚Äôm a holder.,1635875732,0,1
ql9x5t,ialfreddo,You can buy Cellphone with bitcoin. Jajajajajaja it‚Äôs funny.,1635875493,0,1
ql9udn,bunkabaab,Found this on imgur. What does it mean?,1635875293,0,1
ql9rl0,Useful_Platform_,$KRRX is new gem in making. Native exchange token. Early DYDX vibes,1635875083,0,1
ql9ni6,adnnannn,Crypto News,1635874778,0,1
ql9k5d,anon517,People keep saying inflation is 5% but the thing I spend most of my money on has gone up way more than that,1635874535,0,1
ql9hj1,kyn168,Buy Crypto with low fee,1635874342,0,1
ql9fod,hellonuman,problems with my ledger,1635874202,0,1
ql9cuz,zorg621,"Shitcoiners Marty, shitcoiners everywhere!",1635873977,0,1
ql9a91,Asleep_Pause_5491,BitMEX has blocked accounts for no reason. More than 1000 BTC have disappeared!!,1635873767,0,1
ql98kl,ueharajohji,"My friend applied for a citizenship here in Japan and he is planning to change his name to ""Satoshi Nakamoto"".",1635873634,0,1
ql97re,whiteyfisk46,MicroStrategy's Michael Saylor says people can trust Bitcoin (NASDAQ:MSTR),1635873571,0,1
ql968h,Apprehensive-Pin-6,"BTC breaks through $64,000",1635873456,0,1
ql91is,castorfromtheva,"A few hours ago /r/bitcoin passed the 3.5 million subscribers, having added roughly 100k new users per month since the 3 million milestone. Welcome newbies and congrats to everyone. Spread the word of freedom and true financial sovereignty!",1635873121,0,1
ql8uxl,wealT_sla,"Fuck it, I will buy a Coin over the next few days. ü§∑üèΩ‚Äç‚ôÇÔ∏è",1635872647,0,1
ql8rsx,CoinCompassBTC,"Bitcoin &amp; Markets for 2 November, 2021",1635872428,0,1
ql8q1a,Professional_Pilot21,Almost $1 Billion Worth Of Bitcoin Was Just Transferred Between 2 Wallets,1635872303,0,1
ql8nq0,nestaa13,We dit it! 3.5M members and growing. Congratz!,1635872124,0,1
ql8mfo,iLoveMusicAndPizzas,This is how I use my own body to remember my 24 word seed phrase,1635872031,0,1
ql8k88,Steingaten001,bitcoin (parameters),1635871858,0,1
ql8jg8,Sabinno,Recurring billing with crypto?,1635871802,0,1
ql8j2y,LegendzEnt,What a big difference 12 months makes üëè,1635871773,0,1
ql8civ,MonetiseMyMind,"CryptosRUs - Bitcoin Will Be $123,000 End of November #Shorts",1635871302,0,1
ql8c5v,New-Activity-2817,LOL imagine a 1 trillion dollar coin,1635871275,0,1
ql7tjh,funny-how,Institutional Investor‚Äôs Introduction to Blockchain and Digital Asset Investing,1635869942,0,1
ql7jzs,superfast_scatterman,It just hit 1 million rand!,1635869227,0,1
ql7fmp,BryanBSolstin,"Senator Cynthia Lummis: Bitcoin Is A Commodity, Other Crypto Assets Are Securities",1635868914,0,1
ql7cxa,lnvault,LnVault Minecraft Lightning Network Integration.,1635868719,0,1
ql7bin,WillianBo,"""We have decided to make the first 20 bitcoin schools"": Bukele, president of El Salvador",1635868612,0,1
ql79jl,HustleClub_,New 90 Day Challenge To Make Money In Crypto Without Buying Coins And Profit In Any Niche With Zero Competition By,1635868459,0,1
ql794a,Leading-Fail-7263,How long does coinbase payment verification take?,1635868424,0,1
ql72fo,Old_Blueberry2226,BTC Collateralized Loan,1635867883,0,1
ql6yyz,Kader29,üö®The biggest scam in the world of cryptocurrencies üö®,1635867597,0,1
ql6uz6,justligma,How far up does your postion go if you sell some anyone know if it shoots up a lot or a just a bit?,1635867293,0,1
ql6tcs,hyperinflationUSA,"Taproot countdown. 11 more days = November 14, 2021",1635867167,0,1
ql6sx9,FatBlueLines,üßêüòÇ,1635867133,0,1
ql6s7c,Lopsided-Signature87,This could be a dumb question but why do we need a ETF when we have the underlying asset available in the market? Are these for institutional based ?,1635867074,0,1
ql6qj5,Lopsided-Signature87,This could be dumb question but why do people have to buy ETF when we have the real underlying asset is available?,1635866950,0,1
qksbma,fjjjfjfnfnfng,Freedom Vs. Security,1635813985,0,0
qks9kn,danieldfs,PAXFUL COMPRA y VENTA de BITCOIN,1635813794,0,1
qks8vl,infoday_us,10 Bullish Monthly Bitcoin Price Charts To Start November,1635813731,2,1
qks4ce,zedin27,Help in finding a Reddit post that goes through the Bitcoin repository code and explaining in multiple posts,1635813325,9,1
qks3vh,bundleoflogs,"Hello fellers, new to all this",1635813288,11,0
qks26y,[deleted],"I didn‚Äôt been up to news last week, did I miss something?",1635813151,0,1
qkruuh,Wan_You7249,Earning,1635812503,0,2
qkrqfl,maroonblood94,How do you think Bitcoin would fare (short-term) in a Venezuela-style hyperinflationary collapse?,1635812110,11,3
qkrlnd,luxxlifenow,Lost account,1635811681,20,1
qkrjjv,Raymond042393,A thought for bitcoin holders,1635811497,0,1
qkrehz,JollyJury,"Reminder: on this exact day last year, bitcoin was at $13,700.",1635811090,17,28
qkrcmo,mamba0622,Are people buying Bitcoin because they actually believe in its core mission or are they buying it for an increase in value and 2 sell in the future?,1635810941,32,5
qkr91k,Aaron_Wilds,Illiquidity with Bitcoin,1635810646,37,1
qkr1kw,AmountSuspicious7631,Vitol resources Investment company limited my librator from poor financial status.,1635810007,0,1
qkqq2j,ididntreadthesidebar,Which is the best hardwallet?,1635809059,18,2
qkqnr3,cloud-fm,Ledger Live Issues,1635808867,2,1
qkqn1l,PowerDubs,"Atari opens Cryptocurrency coffee house in Dubai- #CryptoBeansCafe using Bitcoin, #AtariToken $Atri and other options..",1635808811,2,2
qkqgka,pelagianism,What‚Äôs the advantage to getting paid in BTC rather than paid in fiat and then buying BTC?,1635808272,36,3
qkj18c,realgodbaby,Elon Musk's new music,1635787748,0,0
qkj0no,angelocc16,Coinbase is threatening to offboard my account / wont verify my adress,1635787704,14,0
qkitlh,Old-Wind-6437,Happy 13th birthday to Bitcoin,1635787148,4,3
qkipti,redditisgarbage911,"Saylor can't resist chuckling after saying his ""It's going up forever"" line again in a recent interview",1635786856,0,1
qkiojo,iammasvidal,Bitcoin news update,1635786760,0,0
qkil61,Zemorphus,Bitcoin Bar Budapestüçª,1635786502,20,4
qkiivs,Old-Wind-6437,Bitmain Tariff to Mexico,1635786339,7,1
qkih93,JustAGuyInACar,"No, you don't buy bitcoin at the price you deserve.",1635786221,101,0
qkieln,WonderBets,Payments on BTC / Crypto,1635786030,7,1
qkiamk,Alcolawl,Seeking book recommendations blockchain technology/Bitcoin/crypto,1635785751,3,1
qkia0g,bccrz_,Nonce Question,1635785707,9,1
qki8t1,metalzip,PSA LN wallets like BLW sometimes lose funds or lock them up,1635785620,2,1
qki56e,Ok_Presentation_861,A beautiful +60 pip drop to end another banger of a weeküí∞üí•üíØüìä.....It's just too easy üí∞üí∞üòÇüòÇ,1635785332,19,0
qki34r,SadPumpkin4777,cash out refinance payment calculator,1635785173,0,1
qkhyks,tixgrinder,Little Bitcoin Burn,1635784817,0,1
qkhvcj,mustafakingp1,Swimming time..... Have earn Bitcoin today,1635784568,0,1
qkhoku,Academic-Daikon-8662,A New Plan To Seize Your Bank Account,1635784029,2,1
qkhok0,Organic_Mix6425,"Will BTC rise to US$90,000 in November?",1635784027,2,1
qkhn7e,BlockchainIsTheWay,"The book ""Anatomy of the State"" will change your life. Do yourself a favor and read/listen to it.",1635783922,4,2
qkhgq4,brooklynhunter57,Bingo. Spot on,1635783402,3,1
qkhgpr,Special_Yam_1174,Bitcoin......reality!,1635783401,0,1
qkhbj7,[deleted],What could it be ü§î?,1635782986,2,1
qkgzbn,Dry_Hunter1554,What kind of creature are you,1635782076,0,1
qkgt5a,TheMadShatterP00P,Bullish,1635781582,0,1
qkgrqf,mmgen-py,The Bitcoin Dilemma,1635781465,2,1
qkgqyh,mmgen-py,Why Russia Is Benefiting From The Great Chinese Bitcoin Miner Migration,1635781404,1,1
qkgq5b,justrollinup,If i plan to hold long term‚Ä¶,1635781337,7,1
qkgozp,Dmx200,This holiday season people are going to invest money in Bitcoin rather than but ‚Äútraditional gifts‚Äù?,1635781245,2,1
qkgopc,jaxpod1,Crypto in solo 401K,1635781222,1,1
qkgmzm,notdenyinganything,Bitcon fish-to-whale ratio chart?,1635781084,0,1
qkgmh2,TheCannibalSheep,Day-trading BTC : Expectation vs reality,1635781045,0,1
qkgjjn,bitrefill,Molly Spiers on starting MT Socks and using it as a vehicle for Bitcoin education,1635780821,0,1
qkghx9,nosceteiplum,Bitcoin vs Bears,1635780687,0,1
qkgfm3,noniismor3,Monthly Reminder: KEEP STACKING SATOSHIS,1635780513,59,1
qkg9no,titi1992ks,"Anyone That Gets Educated on Bitcoin Soon Starts Investing Into It, Says Scaramucci",1635780048,0,1
qkg6xw,shiroyashadanna,What is the process of getting a BIP merged again?,1635779836,3,1
qkg392,Zypherus02,Bitcoin Debate,1635779527,18,1
qkg354,RonTate,Bitcoin whale indicator detects multi-month accumulation trend as BTC eyes $67K-retest,1635779519,2,1
qkfyua,Capital_Put2874,bitcoin on the decline?,1635779166,22,1
qkfotg,butcanyoudothi5,I heard bitcoin is going up,1635778397,0,1
qkfcai,-j3dsq-,bitcoin going up?,1635777372,7,1
qkf7wv,Capital_Put2874,ü§ë,1635777012,0,1
qkf7u1,ZeFGooFy,"LNBIG Contact &lt;=&gt; Tried opening inbound channels, funds taken... channel missing",1635777007,0,1
qkf39a,anax4096,Mempool data dump for ML Projects,1635776625,0,1
qkf2if,MeeBaccus,üî• Defactor IDO üî•| üí• $FACTR token launching soon üí• | ‚óØ Balancer liquidity pool ‚óØ | ‚åõÔ∏è All in a few weeks - don‚Äôt miss this! ‚åõÔ∏è |,1635776562,0,1
qkf0bd,sircristian,Do not use bitfinex for bitcoin lightning payments,1635776379,12,1
qkf09y,Tmbazan,Unable to deposit to Kraken,1635776375,9,1
qkeykb,Agreeable-Poet5415,How do I buy Bitcoin being 16?,1635776229,14,1
qkex8o,fecktk,"_Bitcoin achieved its highest monthly close in October, closing at $61,318 USD. Do you think Plan B's November prediction will ring true at 98k",1635776126,63,1
qkesww,chiroptera7,Stellar Lumens XLM help,1635775765,0,1
qkeo1t,imrananjum613,Instagram pva accounts,1635775380,0,1
qkeiyj,meiswon,How to use in Thailand?,1635774975,12,1
qkei5g,majorchamp,"Looking at getting GBTC for my roth. Is it worth putting some MSTR or ARKK in there as well, or stick with just gbtc?",1635774906,6,1
qkei0w,BigClock8572,7k what to buy?,1635774894,49,1
qkegl4,bitcoin_IT,Shiba √® in aumento dell‚Äô89% di settimana in settimana,1635774766,0,1
qkef4n,Over-Resident-126,STUDYUM|Next-gen Learning Process|Artificial Intelligence| Facial Recognition|3D avatars|Nft trading,1635774642,0,1
qkeerj,brenton_x,Recovering BTC from addresses after the gap limit,1635774611,1,1
qkee6n,Agreeable-Poet5415,How do I buy Bitcoin?,1635774566,4,1
qkdz57,MrComedy325,Bitcoin Faces a ‚ÄúSupply Shock‚Äù Due to Little Profit Taking,1635773272,170,1
qkdvc1,elemenopotus,Capital gains when used as currency?,1635772930,19,1
qkdrc4,sylvexter,Is Bitaddress safe?,1635772549,0,1
qkdm8l,Southrncmfortcllctve,Blackstheg aka crypto blacks my brotha talking about Bitcoin in 2017 must watch!!!!!! Lol,1635772092,2,1
qkdm21,ToSh0p,Training Your Dog,1635772076,0,1
qkdjo4,nimble2,Help following Bitcoin blockchain transactions.,1635771870,16,1
qkdg7z,yeho_meta,This is what we look like,1635771577,2,1
qkdflm,fredsdt,Invest with cryptobank now,1635771514,0,1
qkdepm,SubstantialDiamond52,Get paid for surfing the web,1635771430,0,1
qkddsj,bdinu89,op-ed: Is It Too Late To Invest In Bitcoin?,1635771337,4,1
qkd4yt,Bitcoin_is_plan_A,"Binance Temporarily Disables All Crypto Withdrawals, Cites Backlog [ NYKNYB ]",1635770497,146,1
qkd274,castorfromtheva,"Breaking: Binance Suspends All Crypto Withdrawals - Not your keys, not your coins.",1635770239,0,1
qkd0ro,PodClips,Bitcoin Is a Few More El Salvadors Away from a Hyperbolic Ascent (2-minute audio clip from PlanB &amp; Preston Pysh),1635770104,4,1
qkcwfk,stachurski81,Debunking Bitcoin FUD - Part 3 | Bitcoin is Ponzi Scheme | Bitcoin doesn't have intrinsic value,1635769701,0,1
qkcuep,freeknight1984,what that,1635769500,0,1
qkcqh7,Educational_Nail5029,Houses for sale to crypto buyers,1635769129,0,1
qkco61,ericnathan_90,How Long Have You Been In Cryptocurrency Still Old or New?,1635768896,5,1
qkcmum,No_Aioli_7623,Interested in revolutionary crypto currency?,1635768761,0,1
qkcl3h,SirCamCam,Keeping fiat on hand for dips?,1635768585,12,1
qkck1o,Educational_Nail5029,UK Property Portal Accepting Crypto,1635768487,0,1
qkcec6,Longjumping_Block_67,Georgi vs Boris ‚Äì Bruises | Battles | The Voice of Bulgaria 2021,1635767967,0,1
qkcbhl,Ok-Log8935,Danskala koppala,1635767667,1,1
qkca95,InternationalBall746,Binance temporarily disabled withdrawals?,1635767529,0,1
qkc6xf,dikgumdur,"""They (the IMF) are not afraid that criminals will use it; they're afraid that all the rest of us will use it."" - Andreas M. Antonopoulis",1635767176,20,1
qkc3w7,s3k2p7s9m8b5,Bitcoin Exponential Growth,1635766849,156,1
ql6gsd,lilspooder2,IS this legit??,1635866210,0,1
ql6cla,throwaway2721111usbz,Adoption starts with you.,1635865884,0,1
ql690b,NeedleworkerNo2874,What a bully,1635865606,0,1
ql68ty,Individual_Picture40,In a pickle,1635865592,0,1
ql66qc,cryptocoinguide,Hope BTC can reach the top again!,1635865420,0,1
ql5xoy,Fiach_Dubh,"Cathie Wood on Bitcoin, ""All In"" - October 20th 2021",1635864749,0,1
ql5x26,intellectpenetration,I own .0000001 of bitcoin. Asking for a scammer.üëâüèºüëàüèº,1635864699,0,1
ql5thb,bitrefill,Michael Atwood on the view of Bitcoin &amp; Lightning in US businesses &amp; Salvadoran businesses,1635864426,0,1
ql5r9s,Blogbuddydaily,"The cryptocurrency industry needs more regulatory clarity, says blockchain firm ConsenSys",1635864244,0,1
ql5oaz,Hassanpyoo,"My $640 investment is now worth $1,000 how do I realise profits?",1635863999,0,1
ql5ma8,TheGreatMuffin,Revisiting the Myth of Bitcoin Ownership Concentration,1635863843,0,1
ql5m95,BigClock8572,Buying near ATH?,1635863841,0,1
ql5jui,Jethroe1,Worth a watch... Especially the Paul Krugman chair squirming moment.,1635863645,0,1
ql5gn5,C4-PO,Top U.S. banks offer big incentives to lure crypto talent,1635863388,0,1
ql58ny,ImpossibleTheo3210,Testnet Script Hash,1635862736,0,1
ql558d,Celcom_network,Crypto loan,1635862460,0,1
ql540v,imathrowayslc,"I added pricing data to my visualizations of BTC twitter volume, and tweet sentiment.",1635862363,0,1
ql4y2e,Insamam1,Think like Satoshi Nakamoto: Connecting the dots behind Bitcoin,1635861874,0,1
ql4rdq,rollingincrypto,"HAHAHA, ""Biden cabinet threatens congress, digging for Crypto federal supervision""",1635861347,0,1
ql4qbk,anax4096,Is El Salvador becoming a citadel?,1635861262,0,1
ql4o20,veeveebee,"""How many crypto coins do you have that you need to pump up the pyramid scheme?"" etc",1635861065,0,1
ql4lp6,larrytheliquidator,Common arguments against Bitcoin - part 1,1635860870,0,1
ql4kxc,simplelifestyle,Bitcoin is Generational Wealth - (An Awesome New Short Film),1635860798,0,1
ql4i2z,WealthFunny6728,Doge isn‚Äôt a coin to hold just solde it and gain +10% on DENT,1635860560,0,1
ql4b3k,Apoce,F‚Äîk the SEC: Amazing NFT project,1635860001,0,1
ql4apg,damnitjimimabrewer,Had to make a gif of my buddy‚Äôs dog getting so excited to see MY dog. ü§£,1635859969,0,1
ql4a6w,hyperinflationUSA,Can you Bitcoin nerds help me with my math homework?,1635859926,0,1
ql3vs5,mreJ,"Nobody believes this guy, right? He's a swindler.",1635858672,0,1
ql3v3x,Moneyboom2021,A Proven Path To Becoming A Crypto Millionaire!,1635858616,0,1
ql3lbb,moabitsaga,"90 x 106 ,Aerosol &amp; Markers on Canvas",1635857818,0,1
ql3cq9,NY1869,is it possible for major exchanges (coinbase/binance etc) to run out of btc? what would happen to btc in that scenario?,1635857017,0,1
ql3bjz,NegativeAppeal2351,Natural rough Diamond beads,1635856900,0,1
ql3atk,jaywalkerxx707,NFTSEA,1635856830,0,1
ql39kx,Safe_Cap7870,Stephen Colbert doesn‚Äôt understand Bitcoin,1635856718,0,1
ql37w5,6ix9inemom,hfhjsdjdjdsjbdjdjdjdjdj,1635856573,0,1
ql34fk,rades_,Why the MSM should not be trusted for any viable information,1635856245,0,1
ql34d4,eternalreturn69,Rent or Buy?,1635856238,0,1
ql31dp,ReniLend,w,1635855938,0,1
ql313a,ReniLend,ReniLend now live!,1635855908,0,1
ql2xz6,NebuLa32,Think for yourself.,1635855601,0,1
ql2tx7,swatmugga,What's the difference between a 12 or 18 or... word seed backup phrase?,1635855157,0,1
ql2tlg,Jethroe1,"El Salvador hasn't ""failed"", or been unable to raise capital. They are a nation state with hard, sound money that is creating wealth and increased GDP. And other countries are seeing it in real time.",1635855121,0,1
ql2r44,spade69,BTC multiple transactions at the same time?,1635854864,0,1
ql2ojt,Negatiesign80,Bitcoin Network Holds Over $1 TRILLION In Value... but has NEVER Been Hacked! Satoshi Knew Attacks Would Come - Here's How He Prepared...,1635854613,0,1
ql2h2b,Willb_expert1991,FLOKIMOONI,1635853831,0,1
ql2fx6,godspeedtoken,Introducing crypto communities to Godspeed Exchange.,1635853703,0,1
ql2ctw,clkenny20,Sign up - Coinbase,1635853361,0,1
ql2cqq,MajorNoobie,Glassnode On-Chain Analytics: Which Plan to choose for Swing-Trading?,1635853351,0,1
ql26mu,Snoo81188,Moving to the lightning network,1635852690,0,1
ql26f9,Responsible_Rip_1793,"Bitcoin ETF continues to drive market enthusiasm: less than half a month after listing, market cap already exceeds $1 billionWhat do you think about that just for reference",1635852669,0,1
ql23tr,C4-PO,Genesis Digital Assets (BTC mining firm) announces new data center in Texas,1635852396,0,1
ql23cx,Crazy_Unicorn_Music,Bitcoin is worth every watt.,1635852347,0,1
ql22f0,christofooch,what is the open and close time that wsj uses ? 12am? est?,1635852245,0,1
ql220b,Algohead,"Can someone ELI5 me on how Bitcoin is mined, literally explaining the process of hashing to win the block?",1635852197,0,1
ql1z1z,Wolfario,McDonalds in El Salvador accepts Bitcoin,1635851884,0,1
ql1y1e,MaximumBoot9932,Crypto Exchange Kraken Set to List Shiba Inu Tomorrow ‚Äî SHIB Investors Expect Price to Pump,1635851771,0,1
ql1xe2,CoinCorner_Sam,"Woman travels back in time to buy Bitcoin at $200, stacking the right way instead of trading and losing it all.",1635851701,0,1
ql1wsp,SnooOranges4284,$Jasmy- anyone else hearing PS5 going to accept coins for payment?,1635851639,0,1
ql1vog,Creepinbruh2323,Elon is giving away Bitcoin and Ethereum!!!,1635851512,0,1
ql1t9x,joesus-christ,Tipping hospitality workers with bitcoin,1635851249,0,1
ql1sy7,Cinderella0715,Bitcoin is not fighting alone!,1635851214,0,1
ql1qfl,ThisChameleon,"Goldman Sachs Predicts Ethereum Could Hit $8,000 This Year",1635850943,0,1
ql1kda,Darsh1011,Affiliate marketing - The complete guide,1635850278,0,1
ql1hlo,rednfoundk,"Could Someone Explain It to Me What Happened Here and How, Please?",1635849949,0,1
ql1h5m,rainycoconut,‚ÄòBitcoin Is Worth Zero‚Äô ‚Äî Kenyan Communication Strategist Warns African Investors to Be Wary,1635849897,0,1
ql1g1i,beautyofhelin,"üíµüíµüíµüíµüíµüíµ 1,000,000,000 #USDT (1,000,000,000 USD) minted at Tether Treasury",1635849771,0,1
ql1fz9,Lavafish2,Anyone get a Bitcoin from Burger King yet?,1635849764,0,1
ql1f1p,WeddingLow7170,Want to make $1500 trading Bitcoin using an s19 antiminner pro ??,1635849647,0,1
qjwy8d,StreetManBeetMan,Somewhat basic question about UTXO/XPUB privacy,1635708934,0,1
qjwq90,ParticularLand9012,Confused about how the thing works lol,1635708295,7,1
qjwp8v,Reasonable-Earner,An Incredible Way of Earning Recently Discovered.,1635708212,0,1
qjwmtg,throwaway2721111usbz,Sending butcoin to ledger nano s,1635708012,15,1
qjwmdk,ligonsker,How to backup the blockchain?,1635707976,12,1
qjwkil,873LLC,I need help doing some crypto research,1635707826,0,1
qjwbiw,sepke12345,"Another big hack at Cream Finance, $130 million disappeared - Blockbulletin",1635707104,2,1
qjw42z,Used-Possibility,Was John McAfee an advocate of BTC? (His final interview),1635706535,2,1
qjvzee,Ordinary_Nerve_8998,"NFTSea Token airdrop soon to be listen in Binance, cojnbase and athe listing price start start at $100",1635706161,0,1
qjvw7d,CoinCorner_Sam,Bitcoin is for everyone,1635705894,21,1
qjvw1m,yeoeoeoeo,Can anyone explain what went wrong with this Coinbase transaction? It doesn't say it's confirmed or pending (or list the address I sent to) and is greyed-out. I haven't recovered funds,1635705882,3,1
qjvvsx,bobbytabl3s,Pay rent or BTC?,1635705863,206,1
qjvh4q,Opposite-Try3811,Why are there not stablecoins for all currencies in the world?,1635704700,0,1
qjveov,guxdefuxx,at least they're not wasting it,1635704500,0,1
qjvbne,Legitimate_End1226,Storj crypto is on fire right now check it out,1635704244,0,1
qjv8ji,HistoricalPassage886,–°rypto Mining ‚Äì the future that is already here,1635703995,0,1
qjv6qc,thadiusb,Thinkin about starting a BTC business. How profitable do you think a Bitcoin Education Center would/could be?,1635703847,18,1
qjv6ls,Oscar-knight96,ü•≤,1635703836,0,1
qjv1hx,treedmt,Hyperinflation is here,1635703436,31,1
qjv1fo,QuazyWabbit1,Business bank account for UK LTD?,1635703433,9,1
qjv174,FinancialRevltn,Coin shortage is announced in my local Wallgreens store. US and my state NJ unable to produce enough coins. Please inform the government about digital currencies and the solution for their issue.,1635703415,0,1
qjut32,Airfox0,Hodlin bitcoin till one Satoshi reach $1,1635702800,0,1
qjusze,PewdsForPresidnt,Throwback to one of my favorite crypto memes,1635702792,0,1
qjul11,MonetiseMyMind,CryptosRUs - Why Bitcoin Will Be $123K By End of November,1635702104,9,1
qjujcw,baldlilfat2,Nfl kickers paid bitcoin...,1635701978,8,1
qjui4i,be_better_do_better,Most likely will get banned for this,1635701795,0,1
qjtxiq,NeilComedy,"The ORIGINAL Bitcoin Song! ""Bitcoin HODL, Baby""",1635700135,0,1
qjtvst,NicolaLisoFabbri,What could happen to the BITCOIN in the next few days?,1635699996,1,1
qjtt9z,MattiaProserpio00,Blockchain synchronization is extremely slow,1635699804,7,1
qjtpas,Pitiful-Tap3578,Musk hints Tesla may be on the verge of accepting BTC once again,1635699498,18,1
qjto4s,Few-Writing-5355,FOCUS ON THE CURVE OF PLANB's MODEL,1635699398,4,1
qjtmbk,ShockWave52,Thanksgiving is upon us. ‚ÄúSo hows that Bitcoin thing doing?‚Äù,1635699249,4,1
qjtfv7,CastorTroyFaceGone,Happy Birthday Bitcoin !,1635698735,0,1
qjtf34,bitcoin-bear,"The ""Bitcoin Boogie"" Sing-A-Long",1635698671,1,1
qjt2wv,thadiusb,What is the minimum cost to start mining Bitcoin?,1635697707,2,1
qjsz2z,cloud-fm,Best way to buy monthly and send to a Coldwallet,1635697375,19,1
qjsu2r,issik23,$3 to $150 in 1 week,1635696967,26,1
qjsu2d,C0UNTINGW0RMSS,is this bitcoin earning website legitimate?,1635696966,8,1
qjstvk,Bitcoin_is_plan_A,"Today is the 13th anniversary of the Bitcoin white paper. Here's my short video tribute to the Cypherpunks, Satoshi, and Bitcoin",1635696949,1,1
qjsttc,Frank_Renolds_357mag,As if you needed another reason to move your money to crypto,1635696943,0,1
qjss2h,ErichGarciaCruz,Evento Bitcoin en Cuba üá®üá∫ ¬°HELP!,1635696804,1,1
qjsqzb,MusingsOfASoul,Is a UTXO mutable?,1635696711,24,1
qjspgd,HAWTCOCKph,A Bitcoin Theory. I think its pretty scary if this is what's actually happening!,1635696586,10,1
qjsnpb,Logical007,"PlanB never said BTC would CLOSE at $63k on Oct 31st, he only said it would hit $63k in October, and it did. He is accurate with his predictions.",1635696448,99,1
qjsmxa,Common_Use5380,NOW HIRING üëÄ Anyone looking for a part time or full time job? I have 10 positions available for ANYONE looking for an extra income from their phone. Permanent and temporary. - Choose your own hours - No experience required Click below to know more.,1635696390,0,1
qjsm79,lomax97,How to make 30% return of your bitcoin investment weekly,1635696332,1,1
qjsgrb,wallstreetseeker,purchasing more bitcoin,1635695938,4,1
qjsgbs,The_Miuuri,Can you believe this??,1635695903,33,1
qjsemj,BhodiSatoshi,What are some software micro tools you wish existed for bitcoin?,1635695761,2,1
qjsdo7,ilikewavess,"Give them a laptop,Give them a future!",1635695681,0,1
qjs6i5,ausheat,Massive Crossfit Competition Pays $300k in Bitcoin Prize Money,1635695077,4,1
qjs6c5,ItsPro_93,And now to make money,1635695062,0,1
qjs4hf,ItsPro_93,And now you have a new coin to earn lots from shiba inu,1635694906,0,1
qjrznz,ShotBot,"There are too many Bitcoin holidays, lol. We need to pick one and only celebrate one.",1635694500,27,1
qjrwgr,ravikaash,#Bitcoin Changed so many things in our life now its time for #cryptocurrency revolutions #Lillion #binance #ethereum,1635694230,1,1
qjru4u,opulentpathsofglory,"Hello Reddit, I am from the year of 2042. Here are the idiosyncrasies of the current Top 10 market cap currencies in my timeline.",1635694038,1,1
qjrtvo,mccormack555,How Bitcoin Helps Palestinians with Alex Gladstein &amp; Fadi Elsalamaeen ‚Äî What Bitcoin Did,1635694017,2,2
qjrp3p,C4-PO,LinkedIn reports crypto and blockchain job listings have surged 615% since August 2020,1635693636,1,1
qjro68,manauiatlalli,Gramatik - Satoshi Nakamoto MUSIC VIDEO (feat. Adrian Lau &amp; ProbCause),1635693561,3,1
qjrlwi,fbi-office,The Crypto Space in 2021,1635693374,0,1
qjrldg,yeho_meta,The song is amazing,1635693333,10,1
qjrkgb,myzalkidiz,Retail is coming,1635693261,10,1
qjrjzh,myzalkidiz,The world wants to know how to buy bitcoin,1635693224,0,1
qjrf1q,drchopperx,Rendite of Bitcoin vs. Gold in past 10 years,1635692815,9,1
qjrc63,dunkin1980,"A Coinbase user lost $11.6 million in under 10 minutes after falling for a fake-notification scam, the US Attorneys Office said",1635692585,182,1
qkc036,Harkonnen_Baron,BTC have gone up lot over last 18 months. How much would it rise without FED help?,1635766422,51,1
qkbzg5,Phoenix_Cluster,I'm writing a research on young people's change of crypto investment behaviours caused by Covid-19 and I need your help! More in the post,1635766350,6,1
qkbyba,sandygws,"Robinhood and Dogecoin are Giving Away Dogecoin, Bitcoin and Ethereum - Decrypt",1635766227,0,1
qkbuu1,VipForecast,Bitcoin (BTC): Weekly trend forecast,1635765841,0,1
qkbkdu,sepke12345,Nigeria is the first African country to introduce Central Bank Digital Currency - Blockbulletin,1635764715,20,1
qkbil1,bigballa445,"Selling some pc equipment on Craigslist, and accepting bitcoin",1635764513,31,1
qkbgay,Famous_Protection_11,BIA Dinner: Alchemy Pay CEO John Tan Celebrates Milestones of 150 Key Nodes and 200K Supporters,1635764293,1,1
qkbev1,Michellerose6834,Australia&amp;#x27;s Top Securities Regulator Says It Will Approve Bitcoin ETFs,1635764124,2,1
qkbber,missZovovich,"guys, could you give an advise for those who wanna start investing?",1635763708,0,1
qkb9np,Just_a_Commenterr,Best way to buy Bitcoin avoiding fee‚Äôs?,1635763496,14,1
qkb3jr,ploopglof,GOT RESCUED.,1635762757,4,1
qkb2sm,C4-PO,LatinX communities continue to rise above Bitcoin adoption obstacles,1635762674,4,1
qkb17r,Yungkhalife18,Having one source of income isn't enough I am making cool passive income with centric tokens visit the official website centric. com to get started,1635762493,3,1
qkaz3r,dorahaywood,Coinbase,1635762223,14,1
qkaxg0,Ukelele21123,Invest in Bitcoin with Vivid Money (up to 100‚Ç¨ bonus),1635762025,0,1
qkawon,KAX1107,Saylor: Bitcoin is money. Everything else is credit,1635761935,0,1
qkauep,lionloya,Island Boys üèù rapping about bitcoin,1635761646,58,1
qkabxb,EmergencyNecessary37,"Up to 12 Million Iranians Own Cryptocurrency, Traders Choose Local Exchanges",1635759262,16,1
qkaax2,goodbest889,Recovery successfully,1635759124,3,1
qka99p,sylsau,4 Things Every Bitcoiner Must Give Up - #2: Trusting without Verifying,1635758910,3,1
qka7r8,BennyParler84,Updated Crypto Scam List,1635758705,9,1
qka4oe,pauLhick5,Marketing,1635758258,0,1
qk9xy5,KCKC79,Can stolen bitcoin be recovered?,1635757372,2,1
qk9u4c,Over-Resident-126,AvoTeo|Crowdfunding welcomes crypto world|Invest today in tomorrow's visions,1635756881,0,1
qk9rmq,raulelmachico,Why Supply Shockvember?,1635756514,13,1
qk9qf6,C4-PO,The major tax myths about cryptocurrency debunked,1635756333,2,1
qk9q3w,Confident_Drink1756,Pleaaase help meeee i need bitcoin for beer bc1qqpvlzhg293f65hggnuqr7gxzsd5z42jmzg2jss,1635756285,1,1
qk9pmd,jonathan_marc,Can I ask a simple question which I ask to most from crypto world!! Like where do you see this market in 5-6 years or a decade or two,1635756207,1,1
qk9oo7,Cb_sama,Btc going up‚¨ÜÔ∏è,1635756065,0,1
qk9o83,C4-PO,Industrial Bitcoin mining breathes new life into tiny Texan town,1635756004,1,1
qk9nkm,flowercapital-,"Conibase on the Apple Store ranks first in downloads, and there are still newcomers coming in!",1635755917,4,1
qk9kyb,Jerrymat05,Crypto Earning,1635755549,0,1
qk9kpu,sofasarecool1,Bitcoin below 40k?,1635755516,28,1
qk9joc,hawk_miller,Best Crypto Exchange with Possibility to exchange without verification and at good rates ?,1635755375,2,1
qk9jh6,sgtslaughterTV,"I'm thinking about selling later this year to donate to a reforestation project, if not donating BTC directly to a reforestation project. Do you guys have any recommendations?",1635755345,44,1
qk9je3,ztpro,"Market Analysis on October 29th, 2021",1635755331,1,1
qk9imu,Guybeingabro,Fuck mainstream bitcoiners.,1635755219,6,1
qk9iak,C4-PO,Americans reinvesting stimulus checks in Bitcoin made $4.5k in profit,1635755169,1,1
qk9ggl,vret1414,Bitcoin found in old harddrive for Bitcoin Core,1635754914,277,1
qk9ckl,ceffyl_gwyn,Not getting the FAQ response to the environmental issue,1635754337,10,1
qk9ali,Some1fromReddit,How to resolve family issues: For the Bitcoin Maximalist,1635754083,0,1
qk9832,Aromatic-Sprinkles32,Where can I find data on miners and nodes groups?,1635753738,1,1
qk96t5,Bisketart-official,Bitcoin white paper is now a 13-year-old teenager,1635753594,2,1
qk96ld,uIVUlecT,"On 13th Anniversary Of Bitcoin White Paper, Here Are 13 Interesting Facts About The Groundbreaking Founding Document",1635753560,1,1
qk8tys,PoorIsTheNewGold,Sharing is Caring,1635751707,0,1
qk8sgu,Chris__01,The best crypto to invest in,1635751494,4,1
qk8qfp,Dimention_less,Can this stat show how decentralized a coin is?,1635751210,1,1
qk8prf,m55c55,Does a bitcoin full node behind Tor support the network,1635751118,6,1
qk8i24,Life_Guava_122,10 x Canaan Avalon 1246 (90Th) Bitcoin miner ‚Äì Bulk Deals,1635750084,0,1
qk8do8,Personal_Map_3032,The total market value of NFT passes exceeds 45 billion U.S. dollars,1635749532,0,1
qk869y,TransportationThink7,Here ya guys go,1635748558,0,1
qk81ds,alanwattscrackin,Wrong Conversion rate when buying?,1635747971,1,1
qk7qih,rBitcoinMod,"Mentor Monday, November 01, 2021: Ask all your bitcoin questions!",1635746630,113,1
qk7nz8,Emad17217,How To Get Rich With Bitcoin Even If You Have No Clue About Technology,1635746344,0,1
qk7b1u,M13Calvin,Not enough people know about Swan Bitcoin...,1635744696,10,1
qk7aie,Asleep_Leading_592,"Send me Bitcoin, please ü•∫",1635744634,1,1
qk74co,WAKENBAK3NXD,i love u,1635743888,0,1
qk71e9,TechnicalJaguar9377,How To Transfer Bitcoin to PayPal Account.,1635743532,0,1
qk6z9j,MediaTrafficOrg,Katt Williams Supports Bitcoin; Will He Be One Of The Faces Of The Cryptocurrency?,1635743305,10,1
qk6wfc,rBitcoinMod,"Daily Discussion, November 01, 2021",1635743003,426,1
qk6mdu,Silent-Inspection-37,Me,1635741845,0,1
qk6lm1,keanu4EvaAKitten,"How cool is it that on the anniversary of the whitepaper, Bitcoin puts in an all-time high monthly close?",1635741753,6,1
qk6lhh,HappyBear_btc,How does sign in with lnurl works?,1635741737,1,1
qk698o,NorgeMining,Houston auto dealer to offer luxury car purchases through Bitcoin-backed loans,1635740396,0,1
qk66dj,kettl3pus,HODL the line !!!,1635740101,0,1
